證券代號,證券名稱,收盤價,殖利率(%),股利年度,本益比,股價淨值比,財報年/季
1101,台泥,32.75,3.05,112,34.84,1.06,113/2
1102,亞泥,45.80,4.59,112,14.49,0.91,113/2
1103,嘉泥,18.05,2.77,112,120.33,0.56,113/2
1104,環泥,30.75,6.5,112,10.12,0.92,113/2
1108,幸福,14.90,6.71,112,12.02,1.22,113/2
1109,信大,18.45,6.5,112,9.71,0.78,113/2
1110,東泥,21.60,0.93,112,90.00,1.35,113/2
1201,味全,18.05,1.5,112,26.94,1.21,113/2
1203,味王,50.00,2.2,112,22.42,2.06,113/2
1210,大成,51.40,4.32,112,11.25,1.86,113/2
1213,大飲,12.00,0.0,111,-,3.35,113/2
1215,卜蜂,97.30,5.65,112,14.39,3.10,113/2
1216,統一,89.70,3.34,112,27.43,4.11,113/2
1217,愛之味,12.40,1.85,112,19.68,0.82,113/2
1218,泰山,20.35,0.0,112,13.57,0.79,113/2
1219,福壽,17.15,4.66,112,20.18,1.27,113/2
1220,台榮,16.35,2.45,112,12.48,1.21,113/2
1225,福懋油,146.00,0.96,112,71.22,9.84,113/2
1227,佳格,38.65,3.23,112,22.60,2.03,113/2
1229,聯華,61.00,3.44,112,22.43,2.03,113/2
1231,聯華食,109.00,2.39,112,23.49,4.57,113/2
1232,大統益,149.00,4.43,112,18.24,4.72,113/2
1233,天仁,33.25,2.71,112,34.28,2.07,113/2
1234,黑松,41.95,4.53,112,17.19,0.92,113/2
1235,興泰,141.50,0.71,112,29.85,1.66,113/2
1236,宏亞,23.40,2.78,112,180.00,0.81,113/2
1256,鮮活果汁-KY,141.00,4.68,112,15.61,1.47,113/2
1301,台塑,50.60,1.98,112,60.24,0.94,113/2
1303,南亞,43.40,1.61,112,46.17,0.93,113/2
1304,台聚,15.70,2.23,112,-,0.74,113/2
1305,華夏,16.35,2.14,112,54.50,1.01,113/2
1307,三芳,37.05,4.05,112,13.09,1.56,113/2
1308,亞聚,18.40,2.45,112,-,0.86,113/2
1309,台達化,19.75,1.52,112,-,1.22,113/2
1310,台苯,12.40,0.0,112,-,0.93,113/2
1312,國喬,13.05,0.0,112,-,0.44,113/2
1313,聯成,11.70,1.71,112,-,0.52,113/2
1314,中石化,9.21,0.0,112,28.78,0.44,113/2
1315,達新,70.50,7.09,112,36.91,0.66,113/2
1316,上曜,17.00,0.0,112,-,1.39,113/2
1319,東陽,109.50,3.65,112,16.27,2.55,113/2
1321,大洋,37.20,1.08,112,35.43,1.32,113/2
1323,永裕,27.20,3.68,112,28.04,1.00,113/2
1324,地球,13.30,1.5,112,39.12,1.04,113/2
1325,恆大,27.30,2.2,112,303.33,0.85,113/2
1326,台化,41.95,2.98,112,22.31,0.75,113/2
1337,再生-KY,7.13,0.0,112,-,0.44,113/2
1338,廣華-KY,31.65,1.58,112,-,0.43,113/2
1339,昭輝,58.80,5.1,112,9.20,1.10,113/2
1340,勝悅-KY,10.35,0.0,112,-,0.44,113/2
1341,富林-KY,67.40,6.53,112,14.81,2.76,113/2
1342,八貫,98.50,6.09,112,12.83,3.25,113/2
1402,遠東新,37.75,3.58,112,21.21,0.88,113/2
1409,新纖,16.00,3.44,112,19.51,0.70,113/2
1410,南染,37.20,0.81,112,100.54,2.18,113/2
1413,宏洲,10.05,0.0,112,-,1.25,113/2
1414,東和,22.10,1.13,112,81.85,1.53,113/2
1416,廣豐,12.75,3.92,112,13.56,0.60,113/2
1417,嘉裕,10.30,1.94,112,-,0.77,113/2
1418,東華,32.70,0.0,112,53.61,1.47,113/2
1419,新紡,48.65,2.47,112,20.97,0.99,113/2
1423,利華,44.85,1.34,112,63.17,1.43,113/2
1432,大魯閣,18.30,0.0,112,79.57,1.93,113/2
1434,福懋,20.10,2.49,112,105.79,0.70,113/2
1435,中福,46.60,0.0,111,-,5.12,113/2
1436,華友聯,134.50,4.88,112,8.75,3.53,113/2
1437,勤益控,36.55,3.09,112,10.63,0.92,113/2
1438,三地開發,62.60,0.0,112,-,3.15,113/2
1439,雋揚,31.00,0.97,112,19.75,1.05,113/2
1440,南紡,15.95,2.19,112,10.63,0.89,113/2
1441,大東,16.10,0.0,112,178.89,1.94,113/2
1442,名軒,67.30,5.2,112,8.51,3.37,113/2
1443,立益物流,32.70,0.0,112,16.43,2.12,113/2
1444,力麗,9.36,0.0,112,44.57,0.84,113/2
1445,大宇,19.65,12.72,112,2.61,1.08,113/2
1446,宏和,44.85,1.56,112,8.76,3.08,113/2
1447,力鵬,8.63,0.0,112,-,0.79,113/2
1449,佳和,18.65,0.16,112,16.22,0.91,113/2
1451,年興,20.00,2.5,112,-,0.57,113/2
1452,宏益,16.95,1.77,112,21.73,0.79,113/2
1453,大將,18.60,1.61,112,25.83,1.36,113/2
1454,台富,18.35,1.36,112,70.58,1.41,113/2
1455,集盛,11.10,0.0,112,69.38,0.91,113/2
1456,怡華,18.20,1.1,112,-,1.19,113/2
1457,宜進,20.20,7.43,112,6.94,0.86,113/2
1459,聯發,10.15,0.0,112,29.85,1.07,113/2
1460,宏遠,7.18,0.0,112,-,0.83,113/2
1463,強盛新,23.10,2.16,112,45.29,1.72,113/2
1464,得力,14.05,1.78,112,28.67,1.09,113/2
1465,偉全,15.25,3.28,112,20.33,0.95,113/2
1466,聚隆,12.90,0.0,112,-,1.00,113/2
1467,南緯,10.25,0.0,112,51.25,0.83,113/2
1468,昶和,14.20,0.0,112,18.68,1.71,113/2
1470,大統新創,22.10,2.62,112,31.57,1.91,113/2
1471,首利,13.40,0.0,112,670.00,1.38,113/2
1472,三洋實業,59.60,3.36,112,14.83,1.81,113/2
1473,台南,37.45,3.2,112,11.56,1.38,113/2
1474,弘裕,12.60,0.0,112,16.15,0.76,113/2
1475,業旺,61.20,3.27,112,10.37,2.90,113/2
1476,儒鴻,569.00,2.37,112,25.53,6.14,113/2
1477,聚陽,366.50,4.47,112,21.03,6.29,113/2
1503,士電,229.00,1.31,112,41.94,2.99,113/2
1504,東元,49.70,4.43,112,21.52,1.36,113/2
1506,正道,15.40,0.0,112,77.00,1.71,113/2
1512,瑞利,7.25,0.0,112,-,2.03,113/2
1513,中興電,175.00,2.06,112,25.62,4.83,113/2
1514,亞力,125.00,1.42,112,37.20,6.07,113/2
1515,力山,36.90,3.25,112,9.37,1.70,113/2
1516,川飛,19.45,1.59,112,23.43,1.58,113/2
1517,利奇,15.60,1.28,112,-,0.95,113/2
1519,華城,648.00,1.08,112,50.94,28.28,113/2
1521,大億,38.80,1.8,112,40.84,1.66,113/2
1522,堤維西,64.60,3.1,112,12.14,2.25,113/2
1524,耿鼎,36.50,3.56,112,12.05,2.19,113/2
1525,江申,70.40,4.69,112,18.98,1.08,113/2
1526,日馳,28.90,2.08,112,-,1.23,113/2
1527,鑽全,47.30,4.23,112,13.75,1.39,113/2
1528,恩德,14.65,0.68,112,-,1.20,113/2
1529,樂事綠能,29.85,2.01,112,149.25,2.58,113/2
1530,亞崴,34.15,4.39,112,13.94,1.02,113/2
1531,高林股,14.55,1.37,112,29.10,0.72,113/2
1532,勤美,39.05,3.66,112,7.45,1.04,113/2
1533,車王電,41.20,0.0,112,-,1.85,113/2
1535,中宇,61.40,5.37,112,14.15,2.18,113/2
1536,和大,58.00,1.72,112,100.00,1.87,113/2
1537,廣隆,153.00,4.58,112,15.76,2.99,113/2
1538,正峰,18.30,0.0,112,-,4.84,113/2
1539,巨庭,32.50,1.85,112,19.58,1.32,113/2
1540,喬福,49.95,2.2,112,23.90,2.91,113/2
1541,錩泰,34.25,1.46,112,13.33,1.35,113/2
1558,伸興,117.50,3.23,112,20.80,1.46,113/2
1560,中砂,321.00,1.25,112,48.42,7.30,113/2
1563,巧新,62.40,2.88,112,20.59,1.55,113/2
1568,倉佑,29.35,4.57,112,10.12,1.67,113/2
1582,信錦,108.50,3.71,112,15.39,2.16,113/2
1583,程泰,62.40,6.41,112,10.13,1.27,113/2
1587,吉茂,45.35,2.21,112,-,2.33,113/2
1589,永冠-KY,44.70,0.0,112,-,0.66,113/2
1590,亞德客-KY,874.00,2.02,112,22.61,3.96,113/2
1597,直得,98.00,0.82,112,119.51,3.64,113/2
1598,岱宇,28.35,0.0,112,-,0.97,113/2
1603,華電,38.45,3.38,112,12.61,0.91,113/2
1604,聲寶,28.40,5.28,112,13.33,1.26,113/2
1605,華新,33.50,3.28,112,26.38,0.95,113/2
1608,華榮,33.05,3.03,112,16.12,1.85,113/2
1609,大亞,50.50,3.37,112,22.44,2.47,113/2
1611,中電,17.55,2.85,112,31.91,1.30,113/2
1612,宏泰,34.55,5.79,112,14.28,1.46,113/2
1614,三洋電,40.65,2.63,112,52.79,1.94,113/2
1615,大山,64.60,4.46,112,15.45,3.29,113/2
1616,億泰,20.35,1.82,112,23.66,2.11,113/2
1617,榮星,21.50,1.3,112,113.16,1.51,113/2
1618,合機,47.00,2.13,112,16.38,1.52,113/2
1626,艾美特-KY,16.75,1.79,112,-,0.80,113/2
1702,南僑,53.30,4.69,112,10.19,1.31,113/2
1707,葡萄王,143.50,4.81,112,14.96,2.22,113/2
1708,東鹼,40.15,3.74,112,14.44,1.48,113/2
1709,和益,24.75,2.42,112,17.93,1.30,113/2
1710,東聯,18.20,1.1,112,-,1.33,113/2
1711,永光,26.65,0.56,112,76.14,1.74,113/2
1712,興農,42.90,6.53,112,17.65,2.28,113/2
1713,國化,54.80,2.55,112,14.54,2.60,113/2
1714,和桐,8.87,3.38,112,16.13,0.71,113/2
1717,長興,32.95,2.43,112,20.47,1.47,113/2
1718,中纖,8.33,0.0,112,-,0.52,113/2
1720,生達,64.50,4.19,112,13.49,1.98,113/2
1721,三晃,25.55,0.0,112,-,2.37,113/2
1722,台肥,58.30,4.46,112,35.99,1.06,113/2
1723,中碳,102.00,3.92,112,18.92,3.05,113/2
1725,元禎,42.30,2.01,112,30.88,1.48,113/2
1726,永記,78.90,4.44,112,14.83,1.30,113/2
1727,中華化,39.75,0.73,112,198.75,2.47,113/2
1730,花仙子,53.10,5.27,112,15.21,1.88,113/2
1731,美吾華,23.90,4.81,112,18.38,1.58,113/2
1732,毛寶,27.70,0.0,112,230.83,2.40,113/2
1733,五鼎,29.60,3.72,112,27.16,1.70,113/2
1734,杏輝,32.70,5.5,112,15.21,1.76,113/2
1735,日勝化,25.10,1.99,112,23.68,1.64,113/2
1736,喬山,134.00,0.75,112,34.45,4.18,113/2
1737,臺鹽,35.05,3.42,112,19.58,1.09,113/2
1752,南光,44.45,4.5,112,40.41,1.97,113/2
1760,寶齡富錦,90.60,1.66,112,76.78,4.19,113/2
1762,中化生,42.45,1.88,112,27.93,0.98,113/2
1773,勝一,183.00,1.75,112,27.52,5.19,113/2
1776,展宇,23.90,2.09,112,29.51,1.61,113/2
1783,和康生,43.20,2.31,112,26.18,2.89,113/2
1786,科妍,129.50,1.86,112,41.37,5.21,113/2
1789,神隆,25.55,1.17,112,50.10,1.95,113/2
1795,美時,271.00,1.72,112,17.90,3.89,113/2
1802,台玻,16.20,0.0,112,101.25,0.95,113/2
1805,寶徠,20.20,0.0,112,-,2.42,113/2
1806,冠軍,11.55,0.0,112,60.79,0.82,113/2
1808,潤隆,119.50,12.55,112,7.13,3.74,113/2
1809,中釉,22.05,0.91,112,200.45,1.27,113/2
1810,和成,19.00,1.05,112,172.73,0.85,113/2
1817,凱撒衛,42.05,4.28,112,9.96,1.48,113/2
1903,士紙,56.50,0.0,112,128.41,2.65,113/2
1904,正隆,24.35,2.05,112,26.18,0.93,113/2
1905,華紙,20.40,0.0,112,-,1.38,113/2
1906,寶隆,15.35,0.98,112,109.64,0.57,113/2
1907,永豐餘,31.45,2.86,112,27.11,0.79,113/2
1909,榮成,13.65,0.0,112,227.50,0.81,113/2
2002,中鋼,21.85,1.6,112,99.32,1.08,113/2
2006,東和鋼鐵,76.80,5.47,112,11.78,1.85,113/2
2007,燁興,10.10,0.0,112,-,1.01,113/2
2008,高興昌,31.95,3.13,112,79.88,1.78,113/2
2009,第一銅,45.70,0.0,112,163.21,1.72,113/2
2010,春源,17.80,5.62,112,12.54,0.99,113/2
2012,春雨,25.85,3.52,112,19.15,1.69,113/2
2013,中鋼構,53.30,3.56,112,18.57,2.06,113/2
2014,中鴻,19.25,0.52,112,-,1.80,113/2
2015,豐興,83.00,4.22,112,18.95,2.27,113/2
2017,官田鋼,12.35,0.0,112,39.84,0.90,113/2
2020,美亞,28.85,13.86,112,4.88,1.47,113/2
2022,聚亨,9.91,2.02,112,76.23,0.97,113/2
2023,燁輝,15.25,2.62,112,-,1.00,113/2
2024,志聯,20.40,0.0,112,-,1.80,113/2
2025,千興,11.40,0.0,112,-,1.94,113/2
2027,大成鋼,33.70,3.56,112,19.48,1.11,113/2
2028,威致,24.35,3.29,112,23.64,1.70,113/2
2029,盛餘,25.15,4.97,112,11.33,0.82,113/2
2030,彰源,17.20,2.91,112,55.48,0.98,113/2
2031,新光鋼,58.90,5.09,112,6.37,1.43,113/2
2032,新鋼,15.30,0.0,112,49.35,1.18,113/2
2033,佳大,22.05,0.0,112,157.50,1.72,113/2
2034,允強,23.60,4.24,112,-,1.20,113/2
2038,海光,17.70,0.0,112,126.43,0.86,113/2
2049,上銀,216.00,1.16,112,39.34,2.17,113/2
2059,川湖,"1,160.00",1.22,112,25.27,6.15,113/2
2062,橋椿,41.00,1.95,112,13.36,1.05,113/2
2069,運錩,19.45,2.57,112,121.56,0.85,113/2
2101,南港,48.65,0.0,112,64.01,3.64,113/2
2102,泰豐,21.85,0.0,112,-,1.43,113/2
2103,台橡,23.15,2.42,112,19.79,0.94,113/2
2104,國際中橡,15.80,0.0,112,-,0.46,113/2
2105,正新,49.45,4.04,112,19.78,1.88,113/2
2106,建大,30.15,3.32,112,16.57,1.40,113/2
2107,厚生,25.80,5.04,112,14.02,0.58,113/2
2108,南帝,37.40,2.67,112,32.81,1.29,113/2
2109,華豐,19.10,6.28,112,10.73,1.54,113/2
2114,鑫永銓,95.80,5.22,112,16.87,2.58,113/2
2115,六暉-KY,31.10,3.22,112,19.81,0.99,113/2
2201,裕隆,58.40,2.4,112,13.87,1.01,113/2
2204,中華,71.00,8.45,112,7.73,1.11,113/2
2206,三陽工業,74.40,4.03,112,11.04,2.56,113/2
2207,和泰車,691.00,2.89,112,17.10,5.53,113/2
2208,台船,17.50,0.0,112,-,1.99,113/2
2211,長榮鋼,121.00,5.37,112,19.42,2.00,113/2
2227,裕日車,116.00,3.0,112,21.36,1.88,113/2
2228,劍麟,121.00,4.13,112,13.41,2.05,113/2
2231,為升,98.30,3.05,112,51.20,3.48,113/2
2233,宇隆,173.50,3.05,112,16.54,2.82,113/2
2236,百達-KY,110.50,0.63,112,57.55,3.46,113/2
2239,英利-KY,43.25,1.53,112,19.57,0.43,113/2
2241,艾姆勒,31.60,0.0,112,-,2.14,113/2
2243,宏旭-KY,27.40,0.0,112,-,2.57,113/2
2247,汎德永業,292.50,6.15,112,13.05,1.91,113/2
2250,IKKA-KY,106.50,3.0,112,16.46,1.86,113/2
2254,巨鎧精密-創,88.30,0.0,112,-,4.75,113/2
2258,鴻華先進-創,45.75,0.0,112,-,4.32,113/2
2301,光寶科,100.50,4.49,112,17.09,2.65,113/2
2302,麗正,18.30,1.69,112,35.88,1.71,113/2
2303,聯電,54.50,5.5,112,12.79,1.92,113/2
2305,全友,20.55,0.0,112,102.75,1.85,113/2
2308,台達電,398.00,1.62,112,30.36,5.01,113/2
2312,金寶,21.30,1.41,112,25.06,1.43,113/2
2313,華通,70.80,2.12,112,15.77,2.07,113/2
2314,台揚,29.85,0.0,112,-,4.82,113/2
2316,楠梓電,47.50,1.05,112,7.05,0.92,113/2
2317,鴻海,188.50,2.86,112,17.04,1.71,113/2
2321,東訊,14.50,0.0,112,-,2.18,113/2
2323,中環,12.10,5.62,112,16.13,0.69,113/2
2324,仁寶,33.90,3.54,112,16.46,1.17,113/2
2327,國巨*,645.00,3.4,112,13.75,1.88,113/2
2328,廣宇,35.55,3.66,112,17.01,1.36,113/2
2329,華泰,40.75,2.92,112,14.82,2.71,113/2
2330,台積電,"1,005.00",1.29,112,28.23,6.87,113/2
2331,精英,25.20,3.97,112,21.91,1.11,113/2
2332,友訊,19.50,2.77,112,975.00,1.29,113/2
2337,旺宏,26.45,1.89,112,-,1.06,113/2
2338,光罩,58.10,2.58,112,25.48,2.39,113/2
2340,台亞,37.40,1.34,112,534.29,2.04,113/2
2342,茂矽,33.35,0.0,112,-,2.22,113/2
2344,華邦電,20.75,0.0,112,115.28,0.95,113/2
2345,智邦,550.00,1.82,112,32.45,11.43,113/2
2347,聯強,72.70,4.13,112,15.37,1.65,113/2
2348,海悅,182.00,5.45,112,9.84,3.39,113/2
2349,錸德,16.40,0.0,112,-,2.05,113/2
2351,順德,157.00,1.66,112,40.78,4.24,113/2
2352,佳世達,37.55,3.2,112,28.88,1.98,113/2
2353,宏��,42.00,3.81,112,22.46,1.69,113/2
2354,鴻準,66.40,2.26,112,24.41,0.87,113/2
2355,敬鵬,42.95,2.91,112,13.99,1.03,113/2
2356,英業達,43.85,3.42,112,23.32,2.56,113/2
2357,華碩,586.00,2.9,112,13.49,1.65,113/2
2359,所羅門,155.00,1.1,112,123.02,4.98,113/2
2360,致茂,372.50,1.77,112,35.99,7.26,113/2
2362,藍天,59.00,2.71,112,20.56,0.78,113/2
2363,矽統,64.20,0.47,112,-,1.87,113/2
2364,倫飛,104.00,2.88,112,26.87,6.07,113/2
2365,昆盈,55.10,0.54,112,122.44,3.98,113/2
2367,燿華,34.90,0.0,112,37.93,2.14,113/2
2368,金像電,207.00,1.69,112,20.08,5.52,113/2
2369,菱生,19.20,1.56,112,-,1.34,113/2
2371,大同,48.35,0.0,112,77.98,2.05,113/2
2373,震旦行,68.60,5.98,112,14.98,2.17,113/2
2374,佳能,47.55,1.89,112,23.66,2.02,113/2
2375,凱美,67.20,1.19,112,21.00,0.79,113/2
2376,技嘉,263.00,2.42,112,21.40,4.32,113/2
2377,微星,177.00,3.05,112,19.45,2.96,113/2
2379,瑞昱,490.00,3.16,112,20.48,5.61,113/2
2380,虹光,6.43,0.0,112,-,1.82,113/2
2382,廣達,272.50,3.3,112,20.90,5.65,113/2
2383,台光電,473.00,2.11,112,19.35,5.69,113/2
2385,群光,167.00,4.67,112,14.43,2.98,113/2
2387,精元,57.20,5.24,112,8.47,1.15,113/2
2388,威盛,127.50,0.08,112,119.16,4.55,113/2
2390,云辰,13.50,0.0,112,-,1.04,113/2
2392,正崴,65.60,3.05,112,15.36,1.24,113/2
2393,億光,79.10,4.05,112,16.65,1.86,113/2
2395,研華,336.50,2.81,112,32.36,6.33,113/2
2397,友通,79.70,3.76,112,34.65,3.08,113/2
2399,映泰,31.65,0.0,112,-,2.57,113/2
2401,凌陽,31.00,0.0,112,-,2.09,113/2
2402,毅嘉,43.00,2.77,112,22.51,1.99,113/2
2404,漢唐,324.00,6.48,112,12.78,5.74,113/2
2405,輔信,20.10,0.85,112,223.33,1.86,113/2
2406,國碩,19.65,0.0,112,-,1.74,113/2
2408,南亞科,47.30,0.0,112,-,0.87,113/2
2409,友達,16.95,5.31,112,-,0.86,113/2
2412,中華電,126.50,3.76,112,26.86,2.69,113/2
2413,環科,20.90,0.96,112,130.63,1.34,113/2
2414,精技,35.00,6.29,112,15.02,1.97,113/2
2415,錩新,31.60,0.0,112,52.67,1.73,113/2
2417,圓剛,46.15,0.33,112,-,2.13,113/2
2419,仲琦,31.30,0.96,112,-,2.03,113/2
2420,新巨,75.50,3.97,112,18.69,3.20,113/2
2421,建準,96.00,3.65,112,19.75,3.70,113/2
2423,固緯,39.95,5.51,112,14.32,2.24,113/2
2424,隴華,65.90,0.0,112,-,13.15,113/2
2425,承啟,45.85,0.98,112,40.58,1.88,113/2
2426,鼎元,24.00,0.83,112,96.00,1.85,113/2
2427,三商電,26.35,3.42,112,17.68,1.70,113/2
2428,興勤,178.50,2.91,112,15.59,2.33,113/2
2429,銘旺科,29.70,0.0,112,-,5.56,113/2
2430,燦坤,33.95,6.48,112,18.55,0.90,113/2
2431,聯昌,13.15,0.0,112,-,1.09,113/2
2432,倚天酷��-創,35.00,4.71,112,16.91,1.80,113/2
2433,互盛電,51.00,5.88,112,15.32,2.04,113/2
2434,統懋,32.90,0.0,112,117.50,2.48,113/2
2436,偉詮電,67.90,1.78,112,42.97,3.45,113/2
2438,翔耀,49.55,0.0,112,-,5.70,113/2
2439,美律,134.00,3.1,112,18.01,2.16,113/2
2440,太空梭,14.75,0.0,112,-,1.58,113/2
2441,超豐,58.30,4.29,112,14.47,1.51,113/2
2442,新美齊,27.45,1.2,112,13.07,1.53,113/2
2444,兆勁,14.45,0.0,112,120.42,1.51,113/2
2449,京元電子,112.50,2.84,112,21.55,3.50,113/2
2450,神腦,35.65,5.61,112,16.20,1.50,113/2
2451,創見,100.50,4.97,112,15.02,2.28,113/2
2453,凌群,55.80,4.3,112,18.66,2.76,113/2
2454,聯發科,"1,225.00",4.49,112,19.23,5.07,113/2
2455,全新,171.50,1.28,112,43.64,10.38,113/2
2457,飛宏,40.05,0.0,112,81.73,1.74,113/2
2458,義隆,144.50,3.53,112,14.97,4.27,113/2
2459,敦吉,71.00,5.63,112,11.74,1.39,113/2
2460,建通,30.25,0.0,112,-,2.38,113/2
2461,光群雷,22.30,2.91,112,13.77,1.19,113/2
2462,良得電,31.80,3.62,112,14.13,1.54,113/2
2464,盟立,84.20,0.59,112,93.56,3.92,113/2
2465,麗臺,92.00,0.0,112,-,9.59,113/2
2466,冠西電,34.90,0.0,112,-,3.25,113/2
2467,志聖,222.50,1.35,112,52.23,7.67,113/2
2468,華經,23.70,3.38,112,23.70,1.37,113/2
2471,資通,49.75,6.61,112,17.52,2.91,113/2
2472,立隆電,75.60,3.7,112,11.52,1.70,113/2
2474,可成,236.00,4.24,112,13.61,0.96,113/2
2476,鉅祥,95.00,2.61,112,21.74,2.66,113/2
2477,美隆電,30.40,1.64,112,27.14,1.15,113/2
2478,大毅,53.20,2.82,112,18.54,1.16,113/2
2480,敦陽科,123.50,5.38,112,16.67,4.34,113/2
2481,強茂,59.80,2.01,112,26.94,1.68,113/2
2482,連宇,31.60,3.16,112,41.58,1.88,113/2
2483,百容,23.85,1.26,112,68.14,1.02,113/2
2484,希華,29.60,5.07,112,25.52,1.28,113/2
2485,兆赫,17.95,0.0,112,-,0.97,113/2
2486,一詮,94.90,0.68,112,186.08,4.34,113/2
2488,漢平,48.55,5.77,112,9.87,1.57,113/2
2491,吉祥全,13.80,0.0,112,34.50,1.32,113/2
2492,華新科,109.00,1.97,112,21.29,1.08,113/2
2493,揚博,89.20,5.61,112,14.65,3.66,113/2
2495,普安,34.90,2.01,112,22.09,2.22,113/2
2496,卓越,76.70,6.1,112,12.04,1.78,113/2
2497,怡利電,87.90,1.14,112,36.63,4.85,113/2
2498,宏達電,44.00,0.0,112,-,1.62,113/2
2501,國建,25.35,3.94,112,11.79,1.09,113/2
2504,國產,52.10,4.03,112,13.03,2.45,113/2
2505,國揚,23.10,1.73,112,32.54,0.86,113/2
2506,太設,11.00,2.73,112,-,0.58,113/2
2509,全坤建,20.10,0.0,112,-,1.08,113/2
2511,太子,10.70,3.36,112,50.95,0.69,113/2
2514,龍邦,20.15,0.0,112,5.81,0.62,113/2
2515,中工,12.15,4.28,112,30.38,0.83,113/2
2516,新建,11.95,0.0,112,22.98,1.69,113/2
2520,冠德,48.05,3.75,112,5.36,1.18,113/2
2524,京城,102.00,0.0,112,39.84,2.06,113/2
2527,宏璟,33.15,4.52,112,12.95,0.69,113/2
2528,皇普,39.55,1.26,112,-,2.83,113/2
2530,華建,39.05,1.38,112,26.21,3.11,113/2
2534,宏盛,25.50,3.92,112,55.43,0.85,113/2
2535,達欣工,50.40,5.95,112,10.68,1.42,113/2
2536,宏普,30.80,1.62,112,22.81,0.88,113/2
2537,聯上發,17.00,0.0,112,35.42,1.21,113/2
2538,基泰,17.10,4.97,112,-,1.28,113/2
2539,櫻花建,50.40,3.97,112,22.30,3.62,113/2
2540,愛山林,108.50,5.07,112,20.39,3.93,113/2
2542,興富發,50.30,2.98,112,42.99,1.95,113/2
2543,皇昌,75.90,2.37,112,17.86,4.19,113/2
2545,皇翔,58.00,3.97,112,8.03,1.57,113/2
2546,根基,74.40,5.65,112,12.57,1.89,113/2
2547,日勝生,10.25,2.44,112,-,0.89,113/2
2548,華固,132.50,6.42,112,17.50,2.13,113/2
2597,潤弘,143.00,6.57,112,11.34,3.87,113/2
2601,益航,7.46,0.0,112,-,0.67,113/2
2603,長榮,209.50,4.76,112,6.21,0.92,113/2
2605,新興,27.45,2.73,112,12.65,0.91,113/2
2606,裕民,53.80,4.46,112,11.82,1.17,113/2
2607,榮運,31.30,3.51,112,14.10,0.99,113/2
2608,嘉里大榮,39.60,6.57,112,16.50,1.57,113/2
2609,陽明,70.40,2.84,112,9.93,0.82,113/2
2610,華航,21.60,3.19,112,14.90,1.71,113/2
2611,志信,24.45,9.41,112,6.81,1.54,113/2
2612,中航,43.95,2.28,112,20.83,0.67,113/2
2613,中櫃,36.50,1.64,112,32.02,1.57,113/2
2614,東森,19.25,0.0,112,-,1.66,113/2
2615,萬海,99.70,1.5,112,18.85,1.23,113/2
2616,山隆,20.55,2.09,112,256.88,0.59,113/2
2617,台航,32.50,4.92,112,7.02,0.78,113/2
2618,長榮航,37.70,4.77,112,8.61,1.90,113/2
2630,亞航,35.85,1.48,112,45.96,2.20,113/2
2633,台灣高鐵,29.70,3.43,112,21.52,2.41,113/2
2634,漢翔,48.75,2.91,112,19.90,2.67,113/2
2636,台驊控股,89.20,7.29,112,9.03,1.27,113/2
2637,慧洋-KY,71.80,3.83,112,10.56,1.08,113/2
2642,宅配通,34.35,2.33,112,42.41,1.52,113/2
2645,長榮航太,98.00,4.59,112,19.22,2.98,113/2
2701,萬企,12.70,2.2,112,21.53,0.67,113/2
2702,華園,17.75,0.0,112,24.65,0.83,113/2
2704,國賓,62.40,1.6,112,16.82,0.60,113/2
2705,六福,17.95,0.0,112,-,0.72,113/2
2706,第一店,14.95,2.34,112,23.36,0.74,113/2
2707,晶華,203.00,5.61,112,18.08,6.58,113/2
2712,遠雄來,26.55,1.58,112,-,2.47,113/2
2722,夏都,42.60,1.17,112,85.20,2.56,113/2
2723,美食-KY,84.90,4.12,112,31.68,1.41,113/2
2727,王品,222.00,6.73,112,14.02,4.74,113/2
2731,雄獅,132.50,6.04,112,7.30,3.36,113/2
2739,寒舍,57.40,0.0,112,7.18,3.19,113/2
2748,雲品,59.80,3.34,112,18.51,2.25,113/2
2753,八方雲集,150.50,4.65,112,17.44,2.96,113/2
2762,世界健身-KY,93.40,6.27,112,29.65,3.06,113/2
2801,彰銀,18.00,4.83,112,14.52,1.01,113/2
2809,京城銀,56.60,5.3,112,8.87,1.24,113/2
2812,台中銀,18.40,5.22,112,11.95,1.23,113/2
2816,旺旺保,32.80,0.0,112,6.46,1.07,113/2
2820,華票,15.00,4.87,112,16.85,0.83,113/2
2832,台產,28.10,4.63,112,8.92,0.86,113/2
2834,臺企銀,16.00,8.44,112,12.40,1.05,113/2
2836,高雄銀,11.95,5.02,112,24.90,0.88,113/2
2838,聯邦銀,15.45,5.83,112,13.32,0.85,113/2
2845,遠東銀,13.80,7.32,112,12.32,0.94,113/2
2849,安泰銀,15.15,2.51,112,17.62,0.89,113/2
2850,新產,94.50,5.28,112,8.70,1.67,113/2
2851,中再保,25.80,5.43,112,7.41,1.01,113/2
2852,第一保,22.70,4.98,112,7.77,0.81,113/2
2855,統一證,26.95,4.9,112,9.07,1.16,113/2
2867,三商壽,7.62,0.0,112,27.21,0.84,113/2
2880,華南金,26.00,5.0,112,15.85,1.71,113/2
2881,富邦金,93.30,2.68,112,13.07,1.45,113/2
2882,國泰金,67.10,2.98,112,12.05,1.24,113/2
2883,凱基金,16.45,3.04,112,11.75,1.02,113/2
2884,玉山金,28.50,4.91,112,18.75,1.89,113/2
2885,元大金,31.80,4.09,112,13.77,1.36,113/2
2886,兆豐金,39.85,4.52,112,16.47,1.64,113/2
2887,台新新光金,18.40,5.43,112,15.33,1.14,113/2
2888,新光金,12.00,0.0,112,9.76,0.70,113/2
2889,國票金,15.10,6.49,112,24.75,1.28,113/2
2890,永豐金,24.00,4.17,112,13.56,1.53,113/2
2891,中信金,34.95,5.15,112,10.92,1.55,113/2
2892,第一金,27.70,4.15,112,16.39,1.48,113/2
2897,王道銀行,10.15,4.33,112,11.67,0.75,113/2
2901,欣欣,27.40,1.31,112,60.89,2.30,113/2
2903,遠百,26.95,5.94,112,16.14,1.23,113/2
2904,匯僑,18.55,3.23,112,21.08,1.17,113/2
2905,三商,18.50,1.08,112,19.47,1.02,113/2
2906,高林,18.90,3.17,112,30.48,1.14,113/2
2908,特力,20.60,2.82,112,40.39,1.51,113/2
2910,統領,27.65,1.23,112,22.48,1.84,113/2
2911,麗嬰房,8.96,0.0,112,-,1.38,113/2
2912,統一超,303.00,2.97,112,27.30,8.63,113/2
2913,農林,21.65,0.0,112,-,1.36,113/2
2915,潤泰全,77.50,3.23,112,7.44,0.79,113/2
2923,鼎固-KY,35.50,0.56,112,82.56,1.24,113/2
2929,淘帝-KY,9.27,0.0,112,-,0.35,113/2
2939,永邑-KY,33.90,0.0,112,-,1.95,113/2
2945,三商家購,41.50,2.89,112,21.61,1.54,113/2
3002,歐格,15.30,2.09,112,69.55,1.17,113/2
3003,健和興,95.00,1.58,112,25.61,2.32,113/2
3004,豐達科,91.80,2.7,112,13.15,2.02,113/2
3005,神基,109.50,4.56,112,15.89,3.08,113/2
3006,晶豪科,72.80,0.82,112,-,1.98,113/2
3008,大立光,"2,635.00",2.56,112,16.34,2.03,113/2
3010,華立,132.00,3.75,112,15.92,1.59,113/2
3011,今皓,28.20,0.0,112,-,2.19,113/2
3013,晟銘電,141.50,0.28,112,68.36,7.63,113/2
3014,聯陽,139.50,5.73,112,13.98,3.81,113/2
3015,全漢,60.60,5.28,112,19.30,0.72,113/2
3016,嘉晶,60.90,0.82,112,63.44,3.56,113/2
3017,奇鋐,581.00,1.2,112,33.70,9.32,113/2
3018,隆銘綠能,30.00,0.0,112,-,3.01,113/2
3019,亞光,131.50,1.37,112,36.13,2.72,113/2
3021,鴻名,30.55,0.98,112,25.46,1.81,113/2
3022,威強電,78.00,4.49,112,9.96,1.35,113/2
3023,信邦,309.00,3.11,112,22.31,5.46,113/2
3024,憶聲,19.05,0.52,112,48.85,1.84,113/2
3025,星通,64.20,4.98,112,18.66,4.97,113/2
3026,禾伸堂,90.80,5.51,112,21.47,1.60,113/2
3027,盛達,35.55,1.04,112,56.43,1.89,113/2
3028,增你強,31.40,6.27,112,18.05,1.26,113/2
3029,零壹,91.50,4.37,112,18.71,3.52,113/2
3030,德律,153.00,2.16,112,25.00,4.91,113/2
3031,佰鴻,20.85,3.84,112,17.38,1.23,113/2
3032,偉訓,70.40,4.97,112,11.50,2.57,113/2
3033,威健,34.35,5.5,112,15.33,1.65,113/2
3034,聯詠,514.00,6.23,112,14.23,5.38,113/2
3035,智原,266.00,1.61,112,57.08,5.41,113/2
3036,文曄,103.50,1.74,112,21.34,1.33,113/2
3037,欣興,146.50,2.05,112,23.44,2.43,113/2
3038,全台,26.25,6.1,112,9.65,1.49,113/2
3040,遠見,45.05,2.22,112,44.17,1.85,113/2
3041,揚智,19.95,0.0,112,-,2.70,113/2
3042,晶技,110.50,4.07,112,16.62,2.84,113/2
3043,科風,33.80,0.0,112,-,2.22,113/2
3044,健鼎,206.00,3.64,112,13.92,2.39,113/2
3045,台灣大,116.50,3.69,112,27.67,4.51,113/2
3046,建��,60.90,3.28,112,17.35,3.37,113/2
3047,訊舟,39.25,0.0,112,-,3.32,113/2
3048,益登,38.55,2.59,112,89.65,2.05,113/2
3049,精金,10.80,0.0,112,-,1.04,113/2
3050,鈺德,19.75,2.53,112,31.85,1.22,113/2
3051,力特,29.90,3.34,112,16.34,2.06,113/2
3052,夆典,12.20,4.92,112,12.45,0.74,113/2
3054,立萬利,22.40,0.0,112,-,2.30,113/2
3055,蔚華科,67.40,1.5,112,-,3.46,113/2
3056,富華新,32.50,2.49,112,325.00,1.66,113/2
3057,喬鼎,12.20,0.0,112,-,1.60,113/2
3058,立德,18.20,0.0,112,-,1.78,113/2
3059,華晶科,35.45,1.97,112,28.36,1.08,113/2
3060,銘異,27.05,0.92,112,-,1.44,113/2
3062,建漢,33.90,0.0,112,-,2.32,113/2
3090,日電貿,62.40,5.45,112,15.60,2.16,113/2
3092,鴻碩,32.30,0.0,112,-,1.62,113/2
3094,聯傑,33.65,1.81,112,134.60,2.79,113/2
3130,一零四,226.00,6.02,112,16.03,5.18,113/2
3138,耀登,127.00,2.05,112,37.13,3.11,113/2
3149,正達,34.60,0.0,112,-,3.00,113/2
3150,鈺寶-創,37.80,2.12,112,-,2.45,113/2
3164,景岳,22.90,2.18,112,27.93,1.48,113/2
3167,大量,124.00,0.4,112,258.33,4.81,113/2
3168,眾福科,57.00,6.23,112,18.51,2.41,113/2
3189,景碩,106.50,0.94,112,367.24,1.54,113/2
3209,全科,38.20,5.5,112,13.22,1.86,113/2
3229,晟鈦,23.30,0.0,112,166.43,2.35,113/2
3231,緯創,104.50,2.49,112,18.79,2.70,113/2
3257,虹冠電,58.90,5.09,112,17.79,3.03,113/2
3266,昇陽,20.00,3.75,112,8.97,1.21,113/2
3296,勝德,26.00,0.0,112,866.67,2.12,113/2
3305,昇貿,75.00,2.67,112,31.38,2.08,113/2
3308,聯德,24.15,0.0,112,-,1.39,113/2
3311,閎暉,37.65,3.19,112,22.68,0.96,113/2
3312,弘憶股,73.00,1.64,112,26.64,4.16,113/2
3321,同泰,18.55,0.0,112,-,3.05,113/2
3338,泰碩,70.90,2.82,112,21.10,3.26,113/2
3346,麗清,38.80,3.87,112,13.52,1.35,113/2
3356,奇偶,62.10,4.67,112,10.32,2.51,113/2
3376,新日興,212.00,1.89,112,32.92,2.54,113/2
3380,明泰,34.15,2.96,112,39.71,1.84,113/2
3406,玉晶光,488.50,2.46,112,11.45,2.47,113/2
3413,京鼎,359.00,3.15,112,16.60,2.85,113/2
3416,融程電,148.50,3.44,112,22.95,3.84,113/2
3419,譁裕,16.40,0.0,112,-,1.55,113/2
3432,台端,22.95,0.0,112,-,2.72,113/2
3437,榮創,27.05,0.0,112,-,1.54,113/2
3443,創意,"1,170.00",1.2,112,47.45,16.69,113/2
3447,展達,40.45,0.0,112,-,2.94,113/2
3450,聯鈞,189.00,0.0,112,304.84,6.92,113/2
3454,晶睿,127.00,2.99,112,42.62,3.37,113/2
3481,群創,15.55,0.0,112,-,0.61,113/2
3494,誠研,7.80,0.0,112,-,2.87,113/2
3501,維熹,70.00,4.29,112,12.89,1.23,113/2
3504,揚明光,54.00,0.0,112,-,2.24,113/2
3515,華擎,211.00,3.27,112,21.25,3.17,113/2
3518,柏騰,31.60,0.0,112,-,2.28,113/2
3528,安馳,53.50,2.8,112,18.01,1.92,113/2
3530,晶相光,101.00,0.0,112,-,3.29,113/2
3532,台勝科,135.00,3.7,112,22.61,2.16,113/2
3533,嘉澤,"1,485.00",1.73,112,22.27,5.42,113/2
3535,晶彩科,61.30,0.0,112,47.52,4.03,113/2
3543,州巧,23.95,4.18,112,53.22,0.78,113/2
3545,敦泰,81.30,1.23,112,41.48,1.84,113/2
3550,聯穎,28.20,0.0,112,-,1.54,113/2
3557,嘉威,74.40,4.03,112,10.94,2.33,113/2
3563,牧德,359.00,1.95,112,95.23,4.29,113/2
3576,聯合再生,12.40,0.0,112,-,1.71,113/2
3583,辛耘,453.50,0.88,112,46.32,7.94,113/2
3588,通嘉,85.80,0.7,112,44.46,2.99,113/2
3591,艾笛森,24.50,2.04,112,37.12,1.19,113/2
3592,瑞鼎,337.00,4.51,112,12.79,2.29,113/2
3593,力銘,15.60,0.0,112,-,3.11,113/2
3596,智易,147.50,4.75,112,12.70,2.22,113/2
3605,宏致,60.70,0.0,112,758.75,1.49,113/2
3607,谷崧,22.30,3.14,112,159.29,1.52,113/2
3617,碩天,337.00,2.35,112,16.26,3.88,113/2
3622,洋華,73.50,2.72,112,15.15,1.60,113/2
3645,達邁,49.00,0.61,112,49.00,2.22,113/2
3652,精聯,40.60,0.86,112,48.33,1.67,113/2
3653,健策,"1,365.00",0.72,112,69.75,15.50,113/2
3661,世芯-KY,"2,160.00",1.04,112,35.69,5.04,113/2
3665,貿聯-KY,460.00,1.91,112,27.06,2.92,113/2
3669,圓展,46.40,2.89,112,21.09,1.24,113/2
3673,TPK-KY,46.20,0.0,112,34.48,0.47,113/2
3679,新至陞,133.50,5.62,112,13.02,1.85,113/2
3686,達能,23.80,0.0,112,-,2.59,113/2
3694,海華,43.85,2.28,112,17.90,2.14,113/2
3701,大眾控,40.95,1.71,112,42.66,2.06,113/2
3702,大聯大,76.50,4.58,112,16.56,1.63,113/2
3703,欣陸,30.85,4.86,112,15.12,0.91,113/2
3704,合勤控,38.20,3.93,112,20.54,1.46,113/2
3705,永信,61.60,3.73,112,15.59,2.23,113/2
3706,神達,45.90,2.83,112,20.40,0.91,113/2
3708,上緯投控,117.00,4.74,112,17.73,1.58,113/2
3711,日月光投控,158.50,3.28,112,21.65,2.27,113/2
3712,永崴投控,54.90,3.64,112,13.62,1.31,113/2
3714,富采,46.80,1.97,112,-,0.76,113/2
3715,定穎投控,78.70,1.91,112,16.89,3.03,113/2
3716,中化控股,39.35,0.0,112,-,-,112/4
4104,佳醫,87.90,4.89,112,17.58,1.58,113/2
4106,雃博,25.85,3.09,112,23.29,1.10,113/2
4108,懷特,18.00,0.0,112,-,1.83,113/2
4119,旭富,89.70,1.39,112,77.33,2.12,113/2
4133,亞諾法,30.40,2.37,112,27.89,1.42,113/2
4137,麗豐-KY,136.00,7.44,112,14.62,2.14,113/2
4142,國光生,27.20,0.0,112,-,2.28,113/2
4148,全宇生技-KY,46.60,2.15,112,30.86,1.31,113/2
4155,訊映,24.65,1.22,112,74.70,1.47,113/2
4164,承業醫,43.05,4.65,112,26.09,1.16,113/2
4190,佐登-KY,47.50,2.13,112,-,1.53,113/2
4306,炎洲,19.25,5.09,112,11.19,0.96,113/2
4414,如興,3.15,0.0,112,-,0.74,113/2
4426,利勤,13.65,0.0,112,-,0.91,113/2
4438,廣越,107.50,4.84,112,17.86,1.46,113/2
4439,冠星-KY,90.90,4.4,112,19.85,1.06,113/2
4440,宜新實業,26.20,3.82,112,18.71,1.36,113/2
4526,東台,35.60,0.56,112,-,1.81,113/2
4532,瑞智,25.45,3.93,112,13.32,1.25,113/2
4536,拓凱,223.50,3.8,112,14.50,2.46,113/2
4540,全球傳動,43.80,0.0,112,-,1.39,113/2
4545,銘鈺,57.70,1.73,112,26.35,2.29,113/2
4551,智伸科,132.00,1.89,112,26.83,1.85,113/2
4552,力達-KY,26.10,4.21,112,10.04,0.50,113/2
4555,氣立,42.75,1.17,112,-,1.05,113/2
4557,永新-KY,126.00,4.76,112,14.11,2.55,113/2
4560,強信-KY,32.00,3.13,112,27.12,1.23,113/2
4562,穎漢,67.80,0.0,112,-,5.73,113/2
4564,元翎,25.10,0.0,112,-,1.24,113/2
4566,時碩工業,95.40,1.5,112,27.41,2.11,113/2
4569,六方科-KY,240.00,1.88,112,42.48,2.85,113/2
4571,鈞興-KY,181.00,1.71,112,24.69,3.50,113/2
4572,駐龍,160.50,3.12,112,22.73,3.38,113/2
4576,大銀微系統,102.50,0.1,112,569.44,3.25,113/2
4581,光隆精密-KY,56.70,6.35,112,10.86,1.82,113/2
4583,台灣精銳,745.00,1.34,112,55.27,6.15,113/2
4588,玖鼎電力,91.80,3.27,112,26.30,4.79,113/2
4720,德淵,21.55,2.51,112,14.97,1.55,113/2
4722,國精化,47.45,2.11,112,18.83,1.61,113/2
4736,泰博,154.50,6.47,112,13.17,1.72,113/2
4737,華廣,69.70,2.87,112,-,2.25,113/2
4739,康普,59.70,1.34,112,119.40,1.28,113/2
4746,台耀,101.00,1.98,112,47.42,1.62,113/2
4755,三福化,140.50,2.49,112,30.61,3.27,113/2
4763,材料*-KY,904.00,1.37,112,10.45,5.64,113/2
4764,雙鍵,44.65,0.0,112,-,1.76,113/2
4766,南寶,303.50,4.94,112,13.86,2.76,113/2
4770,上品,358.00,3.35,112,17.25,3.83,113/2
4771,望隼,224.00,1.44,112,18.24,4.05,113/2
4807,日成-KY,21.90,0.0,112,-,1.20,113/2
4904,遠傳,92.60,3.51,112,28.58,3.96,113/2
4906,正文,40.40,3.66,112,27.48,1.29,113/2
4912,聯德控股-KY,103.50,1.61,112,15.02,1.74,113/2
4915,致伸,88.90,4.5,112,16.19,2.37,113/2
4916,事欣科,28.45,1.41,112,-,1.41,113/2
4919,新唐,82.00,3.66,112,20.30,2.23,113/2
4927,泰鼎-KY,55.60,0.0,112,-,1.72,113/2
4930,燦星網,33.50,6.87,112,8.25,0.82,113/2
4934,太極,18.20,0.0,112,-,2.00,113/2
4935,茂林-KY,71.50,2.1,112,18.87,1.10,113/2
4938,和碩,103.00,3.88,112,14.88,1.39,113/2
4942,嘉彰,44.35,5.19,112,9.70,0.71,113/2
4943,康控-KY,17.55,0.0,112,-,7.77,113/2
4949,有成精密,23.25,10.32,112,-,1.02,113/2
4952,凌通,55.60,2.34,112,24.28,2.79,113/2
4956,光鋐,28.05,0.0,112,-,1.65,113/2
4958,臻鼎-KY,115.50,2.84,112,15.08,1.10,113/2
4960,誠美材,13.55,0.0,112,-,0.85,113/2
4961,天鈺,271.00,3.93,112,15.43,1.92,113/2
4967,十銓,108.50,1.52,112,11.54,2.19,113/2
4968,立積,198.00,0.0,112,733.33,7.68,113/2
4976,佳凌,44.40,0.0,112,-,2.44,113/2
4977,眾達-KY,107.50,2.05,112,383.93,2.26,113/2
4989,榮科,23.20,0.0,112,-,1.44,113/2
4994,傳奇,116.00,3.45,112,34.83,7.18,113/2
4999,鑫禾,34.55,2.89,112,75.11,0.75,113/2
5007,三星,57.10,5.25,112,15.07,2.52,113/2
5203,訊連,94.10,2.98,112,25.57,1.64,113/2
5215,科嘉-KY,49.25,3.05,112,16.25,0.91,113/2
5222,全訊,144.50,2.77,112,24.33,4.76,113/2
5225,東科-KY,139.00,4.73,112,13.31,3.41,113/2
5234,達興材料,244.00,1.68,112,47.10,8.43,113/2
5243,乙盛-KY,64.70,2.47,112,23.61,1.45,113/2
5244,弘凱,44.30,2.71,112,17.86,1.80,113/2
5258,虹堡,127.00,1.34,112,16.12,3.31,113/2
5269,祥碩,"1,630.00",1.14,112,38.39,3.87,113/2
5283,禾聯碩,102.00,7.84,112,17.71,1.83,113/2
5284,jpp-KY,125.00,4.0,112,61.58,2.96,113/2
5285,界霖,70.10,2.85,112,30.61,2.50,113/2
5288,豐祥-KY,193.00,4.01,112,11.41,2.42,113/2
5292,華懋,162.50,3.38,112,17.07,3.83,113/2
5306,桂盟,157.00,2.25,112,28.60,2.44,113/2
5388,中磊,111.00,4.5,112,12.85,2.20,113/2
5434,崇越,287.00,3.48,112,16.82,3.51,113/2
5469,瀚宇博,54.00,2.98,112,10.40,0.88,113/2
5471,松翰,44.75,2.68,112,33.65,2.16,113/2
5484,慧友,70.60,0.0,112,-,8.21,113/2
5515,建國,22.05,4.54,112,11.31,1.09,113/2
5519,隆大,38.40,5.73,112,8.97,1.59,113/2
5521,工信,12.40,0.0,112,-,1.15,113/2
5522,遠雄,70.60,4.96,112,13.52,1.22,113/2
5525,順天,33.45,5.38,112,10.29,1.81,113/2
5531,鄉林,10.05,0.0,112,-,1.01,113/2
5533,皇鼎,21.25,5.65,112,16.73,0.65,113/2
5534,長虹,98.30,5.6,112,13.30,1.52,113/2
5538,東明-KY,38.85,2.57,112,21.23,1.15,113/2
5546,永固-KY,29.50,6.78,112,-,1.11,113/2
5607,遠雄港,47.40,3.59,112,20.52,1.60,113/2
5608,四維航,18.25,0.0,112,-,0.71,113/2
5706,鳳凰,59.60,5.03,112,16.88,2.80,113/2
5871,中租-KY,155.50,4.31,112,11.34,1.74,113/2
5876,上海商銀,39.55,4.55,112,17.98,1.02,113/2
5880,合庫金,25.95,3.85,112,21.45,1.56,113/2
5906,台南-KY,57.70,3.47,112,27.61,2.43,113/2
5907,大洋-KY,9.30,0.0,112,-,0.35,113/2
6005,群益證,21.20,6.27,112,10.14,1.16,113/2
6024,群益期,56.50,6.09,112,10.54,1.67,113/2
6108,競國,17.30,2.89,112,61.79,0.77,113/2
6112,邁達特,47.20,5.83,112,22.16,2.09,113/2
6115,鎰勝,53.00,5.66,112,16.01,1.98,113/2
6116,彩晶,9.16,0.0,112,-,0.67,113/2
6117,迎廣,103.50,0.0,112,27.38,6.05,113/2
6120,達運,14.85,0.67,112,42.43,1.07,113/2
6128,上福,36.10,6.93,112,10.87,1.10,113/2
6133,金橋,22.25,0.0,112,54.27,2.21,113/2
6136,富爾特,23.10,5.19,112,25.38,0.67,113/2
6139,亞翔,214.00,4.2,112,12.12,4.08,113/2
6141,柏承,14.25,0.0,112,-,1.21,113/2
6142,友勁,10.80,0.0,112,-,1.15,113/2
6152,百一,18.25,0.0,112,182.50,2.01,113/2
6153,嘉聯益,21.05,0.0,112,-,1.03,113/2
6155,鈞寶,26.70,3.18,112,30.34,1.50,113/2
6164,華興,14.00,0.0,112,60.87,1.23,113/2
6165,浪凡,38.30,1.04,112,40.74,2.16,113/2
6166,凌華,70.00,1.43,112,"1,166.67",2.97,113/2
6168,宏齊,22.40,2.23,112,82.96,1.50,113/2
6176,瑞儀,191.50,5.22,112,14.71,2.61,113/2
6177,達麗,48.00,7.29,112,8.36,2.38,113/2
6183,關貿,77.20,3.56,112,24.74,4.78,113/2
6184,大豐電,52.40,5.73,112,15.83,1.79,113/2
6189,豐藝,81.60,4.24,112,13.62,3.07,113/2
6191,精成科,61.60,5.36,112,8.69,1.35,113/2
6192,巨路,117.50,4.26,112,13.14,1.73,113/2
6196,帆宣,153.00,3.92,112,17.63,2.83,113/2
6197,佳必琪,168.50,2.49,112,22.83,5.63,113/2
6201,亞弘電,57.80,6.75,112,12.40,1.98,113/2
6202,盛群,47.75,0.94,112,-,2.95,113/2
6205,詮欣,72.50,2.07,112,31.25,2.33,113/2
6206,飛捷,85.60,4.67,112,15.54,2.65,113/2
6209,今國光,26.10,1.92,112,-,1.52,113/2
6213,聯茂,74.70,2.01,112,29.64,1.34,113/2
6214,精誠,127.00,4.09,112,18.38,2.19,113/2
6215,和椿,70.00,1.43,112,55.12,4.00,113/2
6216,居易,48.50,3.4,112,20.91,2.61,113/2
6224,聚鼎,69.20,2.17,112,46.44,2.28,113/2
6225,天瀚,0.00,0.0,112,43.75,5.06,113/2
6226,光鼎,9.94,0.0,112,-,1.04,113/2
6230,尼得科超眾,232.00,0.45,112,63.04,3.39,113/2
6235,華孚,75.60,2.22,112,18.76,3.45,113/2
6239,力成,139.00,5.04,112,11.41,1.95,113/2
6243,迅杰,51.80,2.32,112,40.16,2.83,113/2
6257,矽格,78.40,3.32,112,14.76,2.00,113/2
6269,台郡,79.20,6.31,112,17.00,1.04,113/2
6271,同欣電,142.00,1.69,112,18.88,1.20,113/2
6277,宏正,78.60,5.47,112,19.65,2.00,113/2
6278,台表科,111.50,4.48,112,10.41,1.54,113/2
6281,全國電,83.70,5.38,112,18.20,3.11,113/2
6282,康舒,33.25,1.5,112,554.17,1.24,113/2
6283,淳安,28.70,0.0,112,-,2.64,113/2
6285,啟��,120.50,4.98,112,13.93,1.93,113/2
6288,聯嘉,28.80,0.66,112,80.00,1.83,113/2
6405,悅城,40.90,0.24,112,-,1.10,113/2
6409,旭隼,"2,315.00",1.62,112,57.16,26.71,113/2
6412,群電,144.00,4.17,112,16.42,4.24,113/2
6414,樺漢,291.00,3.9,112,17.15,1.74,113/2
6415,矽力*-KY,439.50,0.45,112,133.18,5.14,113/2
6416,瑞祺電通,158.00,1.77,112,40.51,3.45,113/2
6423,億而得-創,94.00,1.06,112,90.38,5.16,113/2
6426,統新,67.40,0.74,112,-,2.52,113/2
6431,光麗-KY,21.70,0.0,112,-,2.87,113/2
6438,迅得,149.50,3.58,112,21.51,2.70,113/2
6442,光聖,367.50,0.57,112,60.44,9.71,113/2
6443,元晶,23.85,1.68,112,46.76,1.63,113/2
6446,藥華藥,648.00,0.0,112,162.41,8.50,113/2
6449,鈺邦,169.50,1.36,112,34.24,4.40,113/2
6451,訊芯-KY,219.00,1.12,112,76.84,3.54,113/2
6456,GIS-KY,59.00,0.0,112,-,0.68,113/2
6464,台數科,81.00,5.4,112,13.94,1.33,113/2
6472,保瑞,751.00,1.6,112,23.74,7.90,113/2
6477,安集,35.35,2.26,112,-,1.35,113/2
6491,晶碩,427.50,2.34,112,17.22,3.30,113/2
6504,南六,70.90,1.55,112,55.83,1.43,113/2
6505,台塑化,51.20,3.91,112,18.48,1.49,113/2
6515,穎崴,"1,260.00",0.87,112,71.96,11.45,113/2
6525,捷敏-KY,64.90,5.39,112,14.72,2.01,113/2
6526,達發,631.00,0.79,112,59.14,6.20,113/2
6531,愛普*,299.50,2.34,112,29.65,4.41,113/2
6533,晶心科,353.00,0.0,112,-,3.81,113/2
6534,正瀚-創,75.00,5.45,112,17.94,2.78,113/2
6541,泰福-KY,68.60,0.0,112,-,7.61,113/2
6550,北極星藥業-KY,54.90,0.0,112,-,5.95,113/2
6552,易華電,50.90,0.59,112,53.58,1.48,113/2
6558,興能高,23.95,0.0,112,171.07,1.49,113/2
6573,虹揚-KY,14.80,0.0,112,-,2.01,113/2
6579,研揚,153.50,4.21,112,24.60,2.53,113/2
6581,鋼聯,107.50,4.0,112,17.92,2.95,113/2
6582,申豐,63.60,0.0,112,-,1.10,113/2
6585,鼎基,172.50,2.26,112,17.77,3.40,113/2
6591,動力-KY,49.80,5.46,112,16.88,1.02,113/2
6592,和潤企業,97.80,4.09,112,17.31,1.81,113/2
6598,ABC-KY,21.80,0.0,112,-,3.09,113/2
6605,帝寶,267.00,2.43,112,14.98,2.51,113/2
6606,建德工業,30.25,4.96,112,28.27,1.87,113/2
6625,必應,86.60,5.2,112,12.27,4.71,113/2
6641,基士德-KY,41.05,2.44,112,16.55,1.03,113/2
6645,金萬林-創,28.75,0.0,112,-,2.74,113/2
6655,科定,134.00,6.72,112,30.59,4.52,113/2
6657,華安,52.30,0.0,112,-,5.49,113/2
6658,聯策,73.90,1.62,112,70.38,2.34,113/2
6666,羅麗芬-KY,57.90,2.25,112,35.09,1.67,113/2
6668,中揚光,49.40,0.0,112,-,2.42,113/2
6669,緯穎,"1,825.00",2.3,112,20.54,6.91,113/2
6670,復盛應用,297.50,4.14,112,13.92,3.37,113/2
6671,三能-KY,42.90,5.83,112,14.25,1.55,113/2
6672,騰輝電子-KY,71.00,4.72,112,11.74,1.52,113/2
6674,鋐寶科技,25.50,0.0,112,-,1.59,113/2
6689,伊雲谷,101.00,1.98,112,39.76,2.38,113/2
6691,洋基工程,316.50,5.69,112,16.32,5.46,113/2
6695,芯鼎,59.60,0.0,112,-,3.41,113/2
6698,旭暉應材,48.70,0.0,112,-,2.72,113/2
6706,惠特,169.00,0.0,112,-,3.55,113/2
6715,嘉基,175.00,1.89,112,28.27,3.39,113/2
6719,力智,248.50,0.8,112,99.00,1.91,113/2
6742,澤米,58.60,2.05,112,651.11,2.94,113/2
6743,安普新,64.40,0.78,112,121.51,3.53,113/2
6753,龍德造船,130.00,1.23,112,17.31,4.05,113/2
6754,匯僑設計,73.30,4.77,112,11.11,2.23,113/2
6756,威鋒電子,188.00,1.06,112,69.12,4.61,113/2
6757,台灣虎航,62.30,0.0,112,10.78,4.85,113/2
6768,志強-KY,102.50,3.71,112,19.38,1.43,113/2
6770,力積電,21.35,0.0,112,-,0.96,113/2
6771,平和環保-創,64.30,6.22,112,14.61,2.50,113/2
6776,展�眥篕�,56.90,6.15,112,11.85,2.30,113/2
6781,AES-KY,495.00,2.34,112,23.21,3.17,113/2
6782,視陽,241.00,1.0,112,29.21,4.77,113/2
6789,采鈺,290.00,0.34,112,130.63,5.43,113/2
6790,永豐實,48.10,6.24,112,12.12,2.36,113/2
6792,詠業,65.70,5.48,112,20.60,1.90,113/2
6794,向榮生技,77.70,0.0,112,-,6.31,113/2
6796,晉弘,81.00,2.22,112,114.08,3.86,113/2
6799,來頡,121.00,2.45,112,27.13,3.48,113/2
6805,富世達,788.00,0.7,112,63.29,11.31,113/2
6806,森崴能源,135.50,1.06,112,40.21,2.56,113/2
6807,峰源-KY,71.10,3.66,112,11.13,1.73,113/2
6830,汎銓,186.00,2.42,112,49.60,3.62,113/2
6834,天二科技,41.55,0.0,112,"1,385.00",2.53,113/2
6835,圓裕,51.10,3.91,112,12.22,2.06,113/2
6838,台新藥,43.15,0.0,112,-,5.72,113/2
6854,錼創科技-KY創,92.20,0.0,112,-,5.27,113/2
6861,睿生光電,67.70,1.62,112,22.95,2.06,113/2
6863,永道-KY,293.50,1.02,112,34.37,3.86,113/2
6869,雲豹能源,241.00,2.2,112,42.36,6.19,113/2
6873,泓德能源,290.50,1.47,112,39.26,5.38,113/2
6890,來億-KY,372.50,1.18,112,67.36,4.19,113/2
6901,鑽石投資,39.40,0.0,112,-,2.81,113/2
6902,GOGOLOOK,141.50,0.0,112,-,9.99,113/2
6906,現觀科,175.00,1.71,112,48.88,6.83,113/2
6914,阜爾運通,146.00,3.12,112,18.96,2.99,113/2
6916,華凌,25.85,4.06,112,47.87,1.57,113/2
6923,中台,91.30,3.18,112,23.84,4.28,113/2
6928,攸泰科技,60.80,1.64,112,31.18,2.40,113/2
6933,AMAX-KY,235.00,1.26,112,53.05,4.74,113/2
6937,天虹,288.50,0.69,112,46.91,6.12,113/2
6949,沛爾生醫-創,81.00,0.0,112,-,3.45,113/2
6951,青新-創,58.20,4.04,112,19.93,2.87,113/2
6952,大武山,49.40,2.02,112,23.08,1.98,113/2
6957,裕慶-KY,239.00,5.44,112,14.99,5.34,113/2
6958,日盛台駿,31.20,3.21,112,25.37,1.17,113/2
6969,成信實業*-創,61.90,0.0,112,-,7.94,113/2
8011,台通,26.95,0.0,112,41.46,1.51,113/2
8016,矽創,229.50,5.23,112,14.18,2.55,113/2
8021,尖點,37.40,2.14,112,33.10,1.19,113/2
8028,昇陽半導體,130.50,1.38,112,79.09,5.94,113/2
8033,雷虎,60.90,0.0,112,148.54,6.71,113/2
8039,台虹,61.40,2.25,112,18.49,1.46,113/2
8046,南電,139.00,3.96,112,47.60,1.99,113/2
8070,長華*,68.10,3.67,112,31.24,2.71,113/2
8072,陞泰,26.90,2.79,112,25.14,0.96,113/2
8081,致新,226.50,6.18,112,12.48,2.84,113/2
8103,瀚荃,63.20,1.95,112,17.08,1.55,113/2
8104,錸寶,41.95,0.0,112,-,1.57,113/2
8105,凌巨,17.05,0.59,112,63.15,0.95,113/2
8110,華東,17.00,1.18,112,40.48,0.82,113/2
8112,至上,66.40,6.08,112,13.17,2.04,113/2
8114,振樺電,214.50,2.19,112,29.79,4.35,113/2
8131,福懋科,36.10,2.49,112,22.85,1.38,113/2
8150,南茂,36.90,4.88,112,13.77,1.09,113/2
8162,微矽電子-創,36.00,1.39,112,58.06,1.81,113/2
8163,達方,49.85,8.02,112,8.68,1.22,113/2
8201,無敵,17.85,0.0,112,-,2.28,113/2
8210,勤誠,280.00,1.79,112,20.76,5.57,113/2
8213,志超,38.90,2.57,112,10.84,0.69,113/2
8215,明基材,30.70,3.91,112,29.81,1.76,113/2
8222,寶一,39.10,0.77,112,32.58,3.10,113/2
8249,菱光,59.90,1.82,112,38.15,1.57,113/2
8261,富鼎,81.60,3.05,112,22.67,1.84,113/2
8271,宇瞻,52.10,6.05,112,13.06,1.51,113/2
8341,日友,89.60,4.24,112,27.48,2.36,113/2
8367,建新國際,52.00,4.81,112,14.77,1.52,113/2
8374,羅昇,143.00,0.21,112,-,8.19,113/2
8404,百和興業-KY,19.80,0.0,112,-,1.24,113/2
8411,福貞-KY,14.10,0.57,112,44.06,0.52,113/2
8422,可寧衛*,186.50,5.36,112,22.80,3.58,113/2
8429,金麗-KY,10.25,0.0,112,-,0.30,113/2
8438,昶昕,42.50,2.12,112,22.14,1.71,113/2
8442,威宏-KY,115.00,4.57,112,9.91,2.26,113/2
8443,阿瘦,11.80,0.0,112,-,0.96,113/2
8454,富邦媒,395.00,3.75,112,26.56,11.39,113/2
8462,柏文,127.00,1.66,112,41.23,5.69,113/2
8463,潤泰材,29.20,2.23,112,28.63,1.85,113/2
8464,億豐,509.00,2.36,112,24.04,6.19,113/2
8466,美吉吉-KY,59.80,0.5,112,166.11,1.50,113/2
8467,波力-KY,280.00,0.0,112,28.99,5.98,113/2
8473,山林水,47.65,0.71,112,33.09,1.26,113/2
8476,台境*,55.20,4.35,112,15.21,2.36,113/2
8478,東哥遊艇,298.00,4.03,112,12.97,4.21,113/2
8481,政伸,50.80,3.94,112,24.66,2.14,113/2
8482,商億-KY,67.70,3.4,112,20.39,2.13,113/2
8487,愛爾達-創,74.50,6.04,112,16.13,3.48,113/2
8488,吉源-KY,15.75,0.0,112,-,0.46,113/2
8499,鼎炫-KY,116.00,3.45,112,12.66,0.61,113/2
8926,台汽電,44.95,4.29,112,32.57,2.22,113/2
8940,新天地,21.75,0.0,112,48.33,2.14,113/2
8996,高力,430.00,0.93,112,72.64,13.39,113/2
9802,鈺齊-KY,122.50,4.08,112,21.38,1.82,113/2
9902,台火,19.20,1.56,112,26.30,1.47,113/2
9904,寶成,35.45,3.1,112,7.35,0.76,113/2
9905,大華,23.10,4.76,112,15.20,0.92,113/2
9906,欣巴巴,148.00,3.62,112,162.64,11.63,113/2
9907,統一實,16.35,1.83,112,37.16,1.31,113/2
9908,大台北,30.50,3.93,112,14.66,1.13,113/2
9910,豐泰,154.50,2.78,112,25.92,6.61,113/2
9911,櫻花,87.00,4.46,112,14.40,3.20,113/2
9912,偉聯,12.55,0.0,112,-,1.47,113/2
9914,美利達,242.00,2.48,112,47.45,3.45,113/2
9917,中保科,136.50,3.81,112,22.02,5.19,113/2
9918,欣天然,41.45,3.62,112,18.18,2.32,113/2
9919,康那香,19.60,1.53,112,4.77,1.38,113/2
9921,巨大,232.00,2.16,112,29.78,2.67,113/2
9924,福興,57.10,5.25,112,9.74,1.54,113/2
9925,新保,41.60,4.81,112,17.55,1.41,113/2
9926,新海,54.50,3.67,112,20.64,2.45,113/2
9927,泰銘,76.80,6.71,112,11.23,2.10,113/2
9928,中視,19.90,0.0,112,45.23,0.56,113/2
9929,秋雨,16.30,0.0,112,-,1.94,113/2
9930,中聯資源,65.40,4.59,112,16.03,2.78,113/2
9931,欣高,34.70,2.88,112,16.37,1.48,113/2
9933,中鼎,48.60,4.22,112,18.62,2.20,113/2
9934,成霖,18.05,6.65,112,9.97,1.19,113/2
9935,慶豐富,33.30,1.5,112,19.36,2.38,113/2
9937,全國,65.80,3.19,112,25.80,3.83,113/2
9938,百和,72.10,1.39,112,20.37,1.74,113/2
9939,宏全,168.50,3.18,112,16.99,3.00,113/2
9940,信義,30.90,5.18,112,12.07,1.77,113/2
9941,裕融,146.00,4.18,112,17.57,2.63,113/2
9942,茂順,116.50,6.01,112,11.49,2.56,113/2
9943,好樂迪,82.80,6.28,112,15.14,2.74,113/2
9944,新麗,20.30,2.96,112,59.71,0.60,113/2
9945,潤泰新,47.90,3.13,112,9.86,1.31,113/2
9946,三發地產,28.65,2.44,112,38.72,1.41,113/2
9955,佳龍,37.65,0.0,112,-,3.09,113/2
9958,世紀鋼,238.00,1.22,112,30.87,4.89,113/2
