ら戳_str,}L基,程蔼基,程C基,ΜL基,MA5,MA10,MA20
2021/01/04,29.4,29.65,27.75,28.0,28.0,28.0,28.0
2021/01/05,28.2,28.85,28.1,28.45,28.22,28.22,28.22
2021/01/06,28.75,28.9,27.05,27.35,27.93,27.93,27.93
2021/01/07,27.8,28.15,26.7,27.6,27.85,27.85,27.85
2021/01/08,28.5,29.35,28.3,29.0,28.08,28.08,28.08
2021/01/11,28.95,29.0,28.3,28.45,28.17,28.14,28.14
2021/01/12,28.45,28.85,27.15,27.3,27.94,28.02,28.02
2021/01/13,27.7,28.2,27.45,27.7,28.01,27.98,27.98
2021/01/14,27.85,28.75,27.75,28.45,28.18,28.03,28.03
2021/01/15,28.75,28.9,27.5,27.5,27.88,27.98,27.98
2021/01/18,27.1,27.15,24.9,25.75,27.34,27.76,27.78
2021/01/19,26.05,26.85,25.85,26.6,27.2,27.57,27.68
2021/01/20,27.1,27.8,25.9,26.25,26.91,27.46,27.57
2021/01/21,26.7,27.8,26.65,27.0,26.62,27.4,27.53
2021/01/22,27.35,28.0,27.2,28.0,26.72,27.3,27.56
2021/01/25,28.25,28.85,27.45,28.8,27.33,27.34,27.64
2021/01/26,28.75,28.75,27.65,27.7,27.55,27.38,27.64
2021/01/27,27.95,28.25,27.6,27.8,27.86,27.38,27.65
2021/01/28,26.9,27.1,26.5,26.5,27.76,27.19,27.59
2021/01/29,27.0,27.5,26.45,26.45,27.45,27.08,27.53
2021/02/01,26.55,27.5,26.2,27.45,27.18,27.26,27.51
2021/02/02,27.75,28.1,27.3,27.35,27.11,27.33,27.45
2021/02/03,27.65,28.25,27.45,27.8,27.11,27.49,27.47
2021/02/04,27.75,28.2,27.6,27.9,27.39,27.58,27.49
2021/02/05,28.5,29.15,28.1,28.3,27.76,27.6,27.45
2021/02/17,29.4,30.3,28.8,29.05,28.08,27.63,27.48
2021/02/18,29.4,31.5,29.3,31.5,28.91,28.01,27.69
2021/02/19,31.1,31.15,29.8,30.45,29.44,28.28,27.83
2021/02/22,31.4,32.5,30.9,30.9,30.04,28.71,27.95
2021/02/23,30.8,31.9,30.4,31.7,30.72,29.24,28.16
2021/02/24,31.95,32.3,30.6,30.7,31.05,29.56,28.41
2021/02/25,31.5,31.7,30.75,31.45,31.04,29.98,28.65
2021/02/26,30.5,30.95,30.4,30.55,31.06,30.25,28.87
2021/03/02,31.3,31.6,29.85,29.95,30.87,30.46,29.02
2021/03/03,30.15,30.55,29.05,29.6,30.45,30.58,29.1
2021/03/04,29.1,29.2,28.1,28.25,29.96,30.5,29.07
2021/03/05,27.2,27.95,26.95,27.4,29.15,30.1,29.05
2021/03/08,28.1,28.1,27.0,27.1,28.46,29.76,29.02
2021/03/09,27.0,27.3,26.2,26.55,27.78,29.32,29.02
2021/03/10,27.1,27.3,26.8,26.85,27.23,28.84,29.04
2021/03/11,27.05,28.2,27.05,28.2,27.22,28.59,29.08
2021/03/12,28.65,28.85,28.05,28.2,27.38,28.27,29.12
2021/03/15,28.2,28.2,27.7,27.9,27.54,28.0,29.12
2021/03/16,28.2,28.45,28.0,28.2,27.87,27.82,29.14
2021/03/17,28.4,28.5,28.05,28.15,28.13,27.68,29.13
2021/03/18,28.3,28.75,28.2,28.3,28.15,27.68,29.1
2021/03/19,28.0,28.2,27.45,28.2,28.15,27.77,28.93
2021/03/22,28.1,28.4,27.7,28.35,28.24,27.89,28.82
2021/03/23,28.7,29.2,28.4,28.4,28.28,28.08,28.7
2021/03/24,28.2,28.65,27.9,28.0,28.25,28.19,28.52
2021/03/25,28.0,28.25,27.6,27.95,28.18,28.16,28.38
2021/03/26,28.2,29.15,28.15,29.1,28.36,28.26,28.26
2021/03/29,29.35,29.85,29.2,29.8,28.65,28.44,28.22
2021/03/30,30.05,30.3,29.25,29.6,28.89,28.58,28.2
2021/03/31,29.6,29.8,29.25,29.5,29.19,28.72,28.2
2021/04/01,30.1,31.25,29.85,30.6,29.72,28.95,28.32
2021/04/06,31.2,31.4,30.1,30.15,29.93,29.14,28.45
2021/04/07,30.35,30.4,29.7,30.15,30.0,29.32,28.61
2021/04/08,30.3,31.2,30.1,31.2,30.32,29.6,28.84
2021/04/09,31.8,34.3,31.8,34.3,31.28,30.23,29.21
2021/04/12,34.5,36.8,34.3,34.85,32.13,30.92,29.54
2021/04/13,35.8,37.0,33.35,34.05,32.91,31.42,29.84
2021/04/14,35.1,35.5,32.3,34.8,33.84,31.92,30.18
2021/04/15,34.5,34.5,33.3,34.1,34.42,32.37,30.48
2021/04/16,34.55,35.85,34.5,35.8,34.72,33.0,30.86
2021/04/19,36.7,37.75,36.0,36.0,34.95,33.54,31.24
2021/04/20,36.1,37.25,35.65,36.7,35.48,34.2,31.67
2021/04/21,36.8,37.45,36.15,36.45,35.81,34.83,32.08
2021/04/22,36.9,36.95,33.05,34.25,35.84,35.13,32.37
2021/04/23,34.7,35.95,34.65,35.65,35.81,35.26,32.75
2021/04/26,36.9,38.4,36.8,37.4,36.09,35.52,33.22
2021/04/27,38.0,38.6,37.5,38.5,36.45,35.96,33.69
2021/04/28,38.75,38.9,37.3,37.45,36.65,36.23,34.08
2021/04/29,37.45,37.6,35.7,35.7,36.94,36.39,34.38
2021/05/03,35.6,35.6,33.5,33.5,36.51,36.16,34.58
2021/05/04,34.3,34.75,31.1,33.65,35.76,35.92,34.73
2021/05/05,33.85,34.1,31.4,31.4,34.34,35.39,34.8
2021/05/06,31.65,32.45,30.65,30.85,33.02,34.84,34.83
2021/05/07,32.7,33.9,32.5,33.9,32.66,34.8,34.97
2021/05/10,34.3,34.55,32.65,32.8,32.52,34.52,34.89
2021/05/11,31.5,31.9,30.0,30.55,31.9,33.83,34.67
2021/05/12,30.5,30.85,27.5,28.25,31.27,32.8,34.38
2021/05/13,27.5,29.8,26.9,28.85,30.87,31.94,34.09
2021/05/14,30.1,30.45,28.05,28.45,29.78,31.22,33.8
2021/05/17,25.85,28.05,25.65,25.65,28.35,30.44,33.3
2021/05/18,27.0,28.2,26.5,28.2,27.88,29.89,32.91
2021/05/19,28.95,29.7,27.75,28.85,28.0,29.64,32.52
2021/05/20,28.5,29.35,28.0,28.05,27.84,29.35,32.1
2021/05/21,28.95,29.15,28.4,28.9,27.93,28.86,31.83
2021/05/24,28.8,30.0,28.4,29.9,28.78,28.56,31.54
2021/05/25,30.55,32.85,30.2,31.9,29.52,28.7,31.26
2021/05/26,32.15,32.8,31.5,31.55,30.06,29.03,30.92
2021/05/27,31.5,31.85,30.8,31.2,30.69,29.26,30.6
2021/05/28,32.45,34.3,32.2,33.85,31.68,29.8,30.51
2021/05/31,34.25,34.85,33.4,34.15,32.53,30.66,30.54
2021/06/01,35.0,36.4,34.4,34.5,33.05,31.28,30.59
2021/06/02,35.55,35.8,33.4,33.9,33.52,31.79,30.71
2021/06/03,34.4,34.95,34.0,34.75,34.23,32.46,30.91
2021/06/04,34.65,34.7,33.65,33.95,34.25,32.97,30.91
2021/06/07,34.3,34.45,32.7,34.1,34.24,33.38,30.98
2021/06/08,34.8,34.95,33.65,33.7,34.08,33.57,31.13
2021/06/09,33.9,33.9,32.85,32.95,33.89,33.7,31.37
2021/06/10,33.1,33.9,33.0,33.5,33.64,33.94,31.6
2021/06/11,33.95,35.7,33.85,34.2,33.69,33.97,31.89
2021/06/15,34.85,35.2,34.45,35.0,33.87,34.06,32.36
2021/06/16,34.75,34.85,33.55,33.65,33.86,33.97,32.63
2021/06/17,33.3,34.45,32.95,34.45,34.16,34.03,32.91
2021/06/18,34.6,35.2,34.3,34.55,34.37,34.0,33.23
2021/06/21,34.1,34.2,33.05,33.1,34.15,33.92,33.44
2021/06/22,33.6,33.75,32.5,32.5,33.65,33.76,33.57
2021/06/23,32.65,33.85,32.3,33.5,33.62,33.74,33.65
2021/06/24,33.7,34.7,33.45,34.45,33.62,33.89,33.8
2021/06/25,35.0,36.3,34.45,34.6,33.63,34.0,33.97
2021/06/28,35.15,35.45,34.5,34.9,33.99,34.07,34.02
2021/06/29,35.4,35.55,34.1,34.1,34.31,33.98,34.02
2021/06/30,34.25,34.95,34.1,34.85,34.58,34.1,34.04
2021/07/01,34.85,34.85,33.9,34.0,34.49,34.06,34.04
2021/07/02,34.05,35.1,34.0,34.8,34.53,34.08,34.04
2021/07/05,35.1,35.9,35.0,35.2,34.59,34.29,34.11
2021/07/06,35.55,35.7,34.55,34.7,34.71,34.51,34.14
2021/07/07,34.5,35.1,34.4,35.0,34.74,34.66,34.2
2021/07/08,35.4,35.6,34.85,34.85,34.91,34.7,34.3
2021/07/09,35.0,36.15,34.9,35.3,35.01,34.77,34.39
2021/07/12,36.1,36.35,35.0,35.0,34.97,34.78,34.42
2021/07/13,35.7,38.25,35.45,38.05,35.64,35.17,34.58
2021/07/14,38.3,38.5,35.1,35.1,35.66,35.2,34.65
2021/07/15,35.4,35.9,34.7,35.2,35.73,35.32,34.69
2021/07/16,34.75,35.55,34.5,35.0,35.67,35.34,34.71
2021/07/19,34.6,34.65,33.6,34.0,35.47,35.22,34.76
2021/07/20,33.5,33.8,33.0,33.05,34.47,35.06,34.78
2021/07/21,33.55,33.65,31.95,32.1,33.87,34.76,34.71
2021/07/22,32.8,33.6,32.4,33.2,33.47,34.6,34.65
2021/07/23,33.3,33.75,33.0,33.55,33.18,34.42,34.6
2021/07/26,33.95,34.35,33.7,33.75,33.13,34.3,34.54
2021/07/27,34.2,34.45,33.6,33.65,33.25,33.86,34.52
2021/07/28,33.3,33.45,30.95,32.0,33.23,33.55,34.38
2021/07/29,32.55,33.0,31.95,33.0,33.19,33.33,34.33
2021/07/30,33.3,35.2,33.2,34.2,33.32,33.25,34.3
2021/08/02,34.3,35.4,33.75,35.3,33.63,33.38,34.3
2021/08/03,34.3,34.7,33.6,33.95,33.69,33.47,34.26
2021/08/04,34.25,35.3,34.0,35.3,34.35,33.79,34.28
2021/08/05,35.45,35.85,34.8,35.8,34.91,34.05,34.33
2021/08/06,35.0,35.25,34.0,34.1,34.89,34.11,34.26
2021/08/09,34.0,34.65,33.55,33.95,34.62,34.12,34.21
2021/08/10,34.2,34.5,33.55,33.65,34.56,34.12,33.99
2021/08/11,33.25,33.25,31.35,31.85,33.87,34.11,33.83
2021/08/12,30.95,31.3,30.35,30.65,32.84,33.88,33.6
2021/08/13,29.85,30.0,28.5,28.5,31.72,33.3,33.28
2021/08/16,28.5,29.25,28.35,29.1,30.75,32.68,33.03
2021/08/17,29.2,29.35,28.35,28.75,29.77,32.16,32.82
2021/08/18,28.45,30.1,28.35,30.1,29.42,31.64,32.72
2021/08/19,29.65,30.1,28.75,28.9,29.07,30.96,32.5
2021/08/20,29.05,29.25,28.35,28.4,29.05,30.38,32.24
2021/08/23,28.9,29.8,28.85,29.5,29.13,29.94,32.03
2021/08/24,30.0,30.15,28.85,28.9,29.16,29.46,31.8
2021/08/25,29.1,29.95,29.05,29.7,29.08,29.25,31.68
2021/08/26,29.9,30.1,29.15,29.2,29.14,29.1,31.49
2021/08/27,29.2,29.5,28.9,29.15,29.29,29.17,31.24
2021/08/30,29.4,29.75,29.2,29.65,29.32,29.22,30.96
2021/08/31,29.65,29.8,29.2,29.5,29.44,29.3,30.73
2021/09/01,29.6,30.7,29.45,30.55,29.61,29.34,30.49
2021/09/02,30.4,30.75,29.95,29.95,29.76,29.45,30.2
2021/09/03,30.35,30.95,30.2,30.85,30.1,29.7,30.04
2021/09/06,30.85,31.6,30.2,30.3,30.23,29.78,29.86
2021/09/07,30.4,30.5,29.8,30.15,30.36,29.9,29.68
2021/09/08,30.2,30.2,28.7,28.85,30.02,29.82,29.53
2021/09/09,28.4,29.65,28.35,29.4,29.91,29.84,29.47
2021/09/10,29.55,30.2,29.2,30.1,29.76,29.93,29.55
2021/09/13,30.0,30.2,29.7,29.7,29.64,29.94,29.58
2021/09/14,30.0,30.3,29.35,29.4,29.49,29.92,29.61
2021/09/15,29.4,29.4,28.85,28.9,29.5,29.76,29.55
2021/09/16,29.05,29.15,28.65,28.7,29.36,29.64,29.54
2021/09/17,28.4,28.65,27.6,27.7,28.88,29.32,29.51
2021/09/22,26.95,27.6,26.2,27.35,28.41,29.02,29.4
2021/09/23,27.65,27.8,26.85,26.95,27.92,28.7,29.3
2021/09/24,27.3,27.5,27.0,27.35,27.61,28.55,29.18
2021/09/27,27.5,27.9,27.45,27.65,27.4,28.38,29.11
2021/09/28,27.5,27.5,27.05,27.15,27.29,28.08,29.01
2021/09/29,26.4,26.5,26.1,26.25,27.07,27.74,28.84
2021/09/30,26.4,27.0,26.35,26.5,26.98,27.45,28.69
2021/10/01,26.35,26.4,25.45,25.6,26.63,27.12,28.44
2021/10/04,25.8,26.4,25.0,25.05,26.11,26.76,28.2
2021/10/05,24.55,25.8,24.45,25.7,25.82,26.56,27.94
2021/10/06,26.0,26.05,24.65,24.75,25.52,26.3,27.66
2021/10/07,25.0,25.7,24.95,25.5,25.32,26.15,27.43
2021/10/08,25.8,26.35,25.4,25.55,25.31,25.97,27.26
2021/10/12,25.2,25.45,24.7,25.05,25.31,25.71,27.04
2021/10/13,25.1,25.25,23.75,24.0,24.97,25.4,26.74
2021/10/14,24.45,25.3,24.45,25.2,25.06,25.29,26.51
2021/10/15,25.9,26.0,25.4,25.75,25.11,25.22,26.33
2021/10/18,25.75,25.95,25.25,25.5,25.1,25.2,26.16
2021/10/19,24.9,24.95,24.0,24.7,25.03,25.17,25.96
2021/10/20,24.6,25.15,24.45,24.9,25.21,25.09,25.82
2021/10/21,24.7,25.45,24.6,25.0,25.17,25.12,25.7
2021/10/22,25.0,25.4,24.8,25.1,25.04,25.08,25.61
2021/10/25,25.05,25.7,24.9,25.7,25.08,25.09,25.53
2021/10/26,25.95,26.3,25.85,26.1,25.36,25.2,25.45
2021/10/27,25.9,26.15,25.5,26.15,25.61,25.41,25.4
2021/10/28,26.05,26.65,25.9,26.15,25.84,25.51,25.4
2021/10/29,26.35,26.7,26.1,26.3,26.08,25.56,25.39
2021/11/01,26.6,26.7,26.2,26.35,26.21,25.64,25.42
2021/11/02,26.55,27.25,26.2,26.2,26.23,25.8,25.48
2021/11/03,26.35,27.25,26.35,27.25,26.45,26.03,25.56
2021/11/04,27.35,27.4,26.55,26.55,26.53,26.18,25.65
2021/11/05,27.1,27.15,26.7,26.85,26.64,26.36,25.72
2021/11/08,27.05,27.6,26.95,27.35,26.84,26.52,25.81
2021/11/09,27.8,28.2,27.75,28.15,27.23,26.73,25.96
2021/11/10,28.2,28.4,27.65,28.35,27.45,26.95,26.18
2021/11/11,27.9,28.6,27.75,28.35,27.81,27.17,26.34
2021/11/12,28.8,29.95,28.75,29.35,28.31,27.48,26.52
2021/11/15,30.2,30.5,29.9,30.15,28.87,27.86,26.75
2021/11/16,30.15,30.75,30.05,30.6,29.36,28.3,27.04
2021/11/17,31.0,31.45,30.05,30.3,29.75,28.6,27.32
2021/11/18,30.45,30.9,30.2,30.55,30.19,29.0,27.59
2021/11/19,30.9,30.95,29.5,29.7,30.26,29.29,27.82
2021/11/22,30.65,31.8,30.55,31.75,30.58,29.72,28.12
2021/11/23,31.65,32.2,31.0,31.3,30.72,30.04,28.38
2021/11/24,31.4,31.55,30.5,31.25,30.91,30.33,28.64
2021/11/25,31.65,31.7,31.0,31.15,31.03,30.61,28.89
2021/11/26,31.15,31.15,30.05,30.15,31.12,30.69,29.08
2021/11/29,29.45,31.1,29.35,30.9,30.95,30.76,29.31
2021/11/30,31.55,32.85,31.45,32.05,31.1,30.91,29.6
2021/12/01,31.85,32.65,31.5,32.4,31.33,31.12,29.86
2021/12/02,32.5,33.15,31.6,31.75,31.45,31.24,30.12
2021/12/03,32.1,32.75,32.05,32.6,31.94,31.53,30.41
2021/12/06,32.3,32.3,31.5,31.9,32.14,31.54,30.64
2021/12/07,32.0,32.1,31.2,31.5,32.03,31.56,30.8
2021/12/08,32.0,32.15,31.4,31.45,31.84,31.58,30.96
2021/12/09,31.7,31.9,31.2,31.4,31.77,31.61,31.11
2021/12/10,31.35,31.4,30.8,30.9,31.43,31.68,31.19
2021/12/13,30.85,31.3,30.65,30.7,31.19,31.66,31.21
2021/12/14,30.35,30.6,29.85,29.9,30.87,31.45,31.18
2021/12/15,30.0,30.95,30.0,30.75,30.73,31.29,31.2
2021/12/16,31.15,31.35,30.7,30.8,30.61,31.19,31.21
2021/12/17,30.75,30.95,30.4,30.55,30.54,30.98,31.26
2021/12/20,30.35,31.1,30.25,30.55,30.51,30.85,31.2
2021/12/21,31.15,31.6,30.85,30.95,30.72,30.8,31.18
2021/12/22,31.8,32.3,31.25,31.25,30.82,30.78,31.18
2021/12/23,31.8,31.85,31.3,31.45,30.95,30.78,31.2
2021/12/24,31.85,32.15,31.6,31.65,31.17,30.86,31.27
2021/12/27,31.95,31.95,31.4,31.4,31.34,30.92,31.3
2021/12/28,31.6,31.9,31.45,31.6,31.47,31.1,31.27
2021/12/29,31.75,31.85,31.6,31.65,31.55,31.18,31.24
2021/12/30,32.0,34.05,31.85,34.0,32.06,31.51,31.35
2022/01/03,33.7,33.7,31.9,32.1,32.15,31.66,31.32
2022/01/04,32.3,32.4,31.6,31.7,32.21,31.78,31.31
2022/01/05,31.85,32.2,31.3,31.3,32.15,31.81,31.3
2022/01/06,31.05,31.05,30.4,30.65,31.95,31.75,31.26
2022/01/07,30.8,31.0,30.15,30.3,31.21,31.64,31.21
2022/01/10,30.05,30.8,29.9,30.65,30.92,31.53,31.2
2022/01/11,30.45,30.7,29.9,30.0,30.58,31.4,31.16
2022/01/12,30.2,30.4,29.5,30.1,30.34,31.24,31.17
2022/01/13,30.25,30.4,30.0,30.1,30.23,31.09,31.14
2022/01/14,30.05,30.1,29.3,29.7,30.11,30.66,31.08
2022/01/17,29.75,30.65,29.7,30.6,30.1,30.51,31.08
2022/01/18,30.65,31.05,30.45,30.45,30.19,30.38,31.08
2022/01/19,30.15,30.75,30.1,30.45,30.26,30.3,31.06
2022/01/20,30.35,30.85,30.25,30.75,30.39,30.31,31.03
2022/01/21,30.45,30.65,29.9,30.0,30.45,30.28,30.96
2022/01/24,29.6,29.7,29.0,29.5,30.23,30.17,30.85
2022/01/25,29.3,29.85,29.25,29.6,30.06,30.12,30.76
2022/01/26,29.6,30.7,29.6,29.95,29.96,30.11,30.68
2022/02/07,30.4,30.5,29.85,30.4,29.89,30.14,30.62
2022/02/08,30.5,32.3,30.45,31.85,30.26,30.36,30.51
2022/02/09,32.3,32.7,32.1,32.55,30.87,30.55,30.53
2022/02/10,32.7,33.5,32.7,33.3,31.61,30.83,30.61
2022/02/11,33.05,33.45,32.9,33.1,32.24,31.1,30.7
2022/02/14,32.6,32.6,31.0,32.1,32.58,31.24,30.77
2022/02/15,32.4,32.8,32.0,32.15,32.64,31.45,30.86
2022/02/16,33.0,34.0,32.95,33.85,32.9,31.88,31.02
2022/02/17,34.05,36.45,34.05,35.0,33.24,32.42,31.28
2022/02/18,35.0,36.4,34.75,35.95,33.81,33.02,31.57
2022/02/21,35.6,35.65,34.5,34.75,34.34,33.46,31.8
2022/02/22,34.2,34.25,33.15,34.15,34.74,33.69,32.02
2022/02/23,34.85,35.2,34.2,34.8,34.93,33.92,32.23
2022/02/24,33.5,33.9,32.65,32.8,34.49,33.86,32.35
2022/02/25,33.5,33.8,32.85,33.0,33.9,33.86,32.48
2022/03/01,33.75,34.15,33.5,34.0,33.75,34.04,32.64
2022/03/02,33.6,33.9,33.1,33.75,33.67,34.2,32.83
2022/03/03,34.7,35.0,34.2,34.5,33.61,34.27,33.08
2022/03/04,33.95,34.6,33.75,33.85,33.82,34.16,33.29
2022/03/07,33.2,33.25,32.0,32.35,33.69,33.8,33.41
2022/03/08,32.0,32.95,31.3,31.3,33.15,33.45,33.46
2022/03/09,32.0,32.1,31.5,31.75,32.75,33.21,33.45
2022/03/10,33.0,33.65,32.65,33.3,32.51,33.06,33.49
2022/03/11,32.8,33.8,32.75,33.65,32.47,33.14,33.51
2022/03/14,34.25,34.5,33.7,34.2,32.84,33.26,33.56
2022/03/15,34.15,34.15,33.1,33.25,33.23,33.19,33.62
2022/03/16,33.8,33.9,32.3,32.65,33.41,33.08,33.64
2022/03/17,33.95,35.0,33.65,34.9,33.73,33.12,33.7
2022/03/18,34.9,36.0,34.55,35.5,34.1,33.29,33.72
2022/03/21,36.0,36.2,34.8,34.95,34.25,33.54,33.67
2022/03/22,35.0,35.05,33.95,34.3,34.46,33.84,33.65
2022/03/23,34.9,35.65,34.65,34.9,34.91,34.16,33.68
2022/03/24,34.2,34.4,32.05,32.2,34.37,34.05,33.55
2022/03/25,32.0,32.3,31.5,32.05,33.68,33.89,33.52
2022/03/28,31.75,31.85,31.3,31.55,33.0,33.62,33.44
2022/03/29,31.75,32.2,31.6,31.85,32.51,33.48,33.34
2022/03/30,32.4,32.45,31.55,31.6,31.85,33.38,33.23
2022/03/31,31.8,31.95,31.1,31.2,31.65,33.01,33.06
2022/04/01,30.85,30.85,29.85,30.05,31.25,32.46,32.88
2022/04/06,29.8,29.85,28.95,29.2,30.78,31.89,32.72
2022/04/07,29.3,29.7,28.55,28.6,30.13,31.32,32.58
2022/04/08,29.0,29.1,28.5,28.6,29.53,30.69,32.42
2022/04/11,28.85,28.95,27.9,28.1,28.91,30.28,32.17
2022/04/12,28.0,28.1,26.9,27.45,28.39,29.82,31.86
2022/04/13,27.85,28.45,27.7,28.45,28.24,29.51,31.57
2022/04/14,28.5,28.5,27.15,27.3,27.98,29.06,31.27
2022/04/15,27.1,27.55,26.85,27.0,27.66,28.6,30.99
2022/04/18,26.8,27.4,26.5,27.25,27.49,28.2,30.6
2022/04/19,27.6,27.8,27.35,27.4,27.48,27.93,30.2
2022/04/20,27.85,28.3,27.7,28.25,27.44,27.84,29.86
2022/04/21,28.6,28.6,28.0,28.5,27.68,27.83,29.58
2022/04/22,27.8,28.4,27.7,28.1,27.9,27.78,29.24
2022/04/25,27.35,27.45,26.9,27.0,27.85,27.67,28.98
2022/04/26,27.35,27.35,26.7,26.95,27.76,27.62,28.72
2022/04/27,26.1,26.5,25.55,26.45,27.4,27.42,28.47
2022/04/28,26.5,27.2,26.25,27.05,27.11,27.4,28.22
2022/04/29,27.6,27.9,27.15,27.25,26.94,27.42,28.01
2022/05/03,27.2,27.5,27.15,27.35,27.01,27.43,27.82
2022/05/04,27.5,27.7,26.95,27.25,27.07,27.42,27.68
2022/05/05,27.8,28.35,27.65,28.25,27.43,27.42,27.63
2022/05/06,27.75,28.0,27.3,27.85,27.59,27.35,27.59
2022/05/09,27.45,27.75,27.15,27.2,27.58,27.26,27.52
2022/05/10,26.65,27.65,26.65,27.6,27.63,27.32,27.49
2022/05/11,27.6,27.75,27.3,27.6,27.7,27.38,27.5
2022/05/12,27.4,27.8,27.1,27.25,27.5,27.46,27.44
2022/05/13,27.65,27.85,27.35,27.8,27.49,27.54,27.47
2022/05/16,28.25,28.45,27.8,27.9,27.63,27.6,27.51
2022/05/17,28.15,28.45,28.0,28.45,27.8,27.71,27.57
2022/05/18,28.75,29.4,28.7,29.2,28.12,27.91,27.66
2022/05/19,28.5,29.3,28.35,29.3,28.53,28.01,27.71
2022/05/20,29.4,29.45,28.9,28.95,28.76,28.12,27.74
2022/05/23,29.05,29.2,28.4,28.7,28.92,28.28,27.77
2022/05/24,28.95,28.95,28.0,28.25,28.88,28.34,27.83
2022/05/25,28.5,28.7,28.0,28.5,28.74,28.43,27.91
2022/05/26,28.95,28.95,28.25,28.25,28.53,28.53,28.0
2022/05/27,28.6,28.75,28.45,28.5,28.44,28.6,28.07
2022/05/30,29.0,29.15,28.85,29.1,28.52,28.72,28.16
2022/05/31,29.0,29.3,28.8,29.3,28.73,28.8,28.26
2022/06/01,29.1,29.2,28.9,28.95,28.82,28.78,28.34
2022/06/02,28.85,29.2,28.65,28.9,28.95,28.74,28.38
2022/06/06,28.95,29.2,28.5,29.1,29.07,28.76,28.44
2022/06/07,29.1,29.2,28.85,29.0,29.05,28.78,28.53
2022/06/08,29.1,29.2,28.8,28.8,28.95,28.84,28.59
2022/06/09,28.65,28.8,28.5,28.5,28.86,28.84,28.64
2022/06/10,28.25,28.25,27.75,27.85,28.65,28.8,28.66
2022/06/13,27.2,27.2,26.7,26.75,28.18,28.62,28.61
2022/06/14,26.45,27.35,26.4,27.2,27.82,28.44,28.58
2022/06/15,27.3,27.3,26.8,26.85,27.43,28.19,28.5
2022/06/16,26.45,26.5,25.4,25.45,26.82,27.84,28.31
2022/06/17,25.0,25.15,24.25,24.75,26.2,27.42,28.08
2022/06/20,24.9,24.9,23.6,23.65,25.58,26.88,27.82
2022/06/21,23.95,24.3,23.5,24.3,25.0,26.41,27.6
2022/06/22,24.2,24.2,22.8,22.8,24.19,25.81,27.32
2022/06/23,23.05,23.7,22.7,23.0,23.7,25.26,27.05
2022/06/24,23.5,23.55,23.0,23.05,23.36,24.78,26.79
2022/06/27,23.55,23.8,23.4,23.75,23.38,24.48,26.55
2022/06/28,23.7,23.7,23.05,23.2,23.16,24.08,26.26
2022/06/29,22.9,23.35,22.8,23.15,23.23,23.71,25.95
2022/06/30,22.8,22.8,21.4,21.7,22.97,23.34,25.59
2022/07/01,21.4,21.9,19.9,20.05,22.37,22.86,25.14
2022/07/04,20.0,20.65,19.65,20.05,21.63,22.51,24.69
2022/07/05,20.1,20.35,19.15,19.6,20.91,22.04,24.22
2022/07/06,19.25,19.65,18.7,18.7,20.02,21.62,23.72
2022/07/07,18.85,19.8,18.75,19.75,19.63,21.3,23.28
2022/07/08,19.95,20.5,19.65,20.25,19.67,21.02,22.9
2022/07/11,20.35,20.5,19.95,20.4,19.74,20.68,22.58
2022/07/12,20.05,20.05,19.55,19.7,19.76,20.34,22.21
2022/07/13,20.45,20.8,20.3,20.55,20.13,20.08,21.89
2022/07/14,20.25,21.0,20.0,21.0,20.38,20.0,21.67
2022/07/15,21.0,21.3,20.7,21.2,20.57,20.12,21.49
2022/07/18,21.25,21.8,21.1,21.55,20.8,20.27,21.39
2022/07/19,21.35,22.0,21.25,21.95,21.25,20.51,21.27
2022/07/20,22.45,22.7,22.15,22.25,21.59,20.86,21.24
2022/07/21,22.3,22.9,22.2,22.9,21.97,21.18,21.24
2022/07/22,22.9,23.4,22.65,23.25,22.38,21.48,21.25
2022/07/25,23.2,23.3,22.8,22.95,22.66,21.73,21.21
2022/07/26,22.75,22.9,22.4,22.55,22.78,22.01,21.18
2022/07/27,22.7,23.2,22.25,22.85,22.9,22.24,21.16
2022/07/28,23.05,23.1,22.6,22.7,22.86,22.42,21.21
2022/07/29,22.95,23.2,22.85,23.15,22.84,22.61,21.36
2022/08/01,23.1,23.1,22.55,22.85,22.82,22.74,21.51
2022/08/02,22.5,22.5,21.95,22.15,22.74,22.76,21.63
2022/08/03,22.2,22.5,22.1,22.3,22.63,22.76,21.81
2022/08/04,22.3,22.5,22.0,22.25,22.54,22.7,21.94
2022/08/05,22.8,23.4,22.8,23.1,22.53,22.68,22.08
2022/08/08,22.85,22.9,22.25,22.45,22.45,22.64,22.18
2022/08/09,22.1,22.15,21.05,21.45,22.31,22.52,22.27
2022/08/10,20.95,21.1,20.75,20.75,22.0,22.32,22.28
2022/08/11,21.2,21.55,21.0,21.3,21.81,22.18,22.3
2022/08/12,21.25,21.85,21.25,21.8,21.55,22.04,22.32
2022/08/15,22.05,22.45,22.05,22.45,21.55,22.0,22.37
2022/08/16,22.45,22.6,22.2,22.2,21.7,22.0,22.38
2022/08/17,22.1,22.45,21.95,22.45,22.04,22.02,22.39
2022/08/18,22.3,22.35,22.0,22.35,22.25,22.03,22.36
2022/08/19,22.4,22.95,22.35,22.75,22.44,21.99,22.34
2022/08/22,22.4,22.55,22.2,22.25,22.4,21.98,22.3
2022/08/23,22.2,22.3,21.95,22.15,22.39,22.04,22.28
2022/08/24,22.25,22.3,21.65,21.75,22.25,22.15,22.23
2022/08/25,21.9,22.5,21.8,22.35,22.25,22.25,22.21
2022/08/26,22.7,22.9,22.5,22.6,22.22,22.33,22.18
2022/08/29,21.9,21.95,21.6,21.75,22.12,22.26,22.13
2022/08/30,21.75,21.9,21.65,21.85,22.06,22.22,22.12
2022/08/31,21.75,22.2,21.7,22.2,22.15,22.2,22.11
2022/09/01,21.9,21.9,21.65,21.7,22.02,22.14,22.08
2022/09/02,21.85,21.85,21.2,21.2,21.74,21.98,21.99
2022/09/05,21.2,21.25,20.85,21.0,21.59,21.86,21.92
2022/09/06,21.2,21.25,20.4,20.5,21.32,21.69,21.87
2022/09/07,20.35,20.7,20.2,20.4,20.96,21.56,21.85
2022/09/08,20.7,21.3,20.5,21.2,20.86,21.44,21.85
2022/09/12,21.45,21.85,21.45,21.6,20.94,21.34,21.84
2022/09/13,21.7,21.8,21.45,21.55,21.05,21.32,21.79
2022/09/14,20.9,21.35,20.75,21.25,21.2,21.26,21.74
2022/09/15,21.3,21.6,21.1,21.3,21.38,21.17,21.68
2022/09/16,21.05,21.05,20.7,20.7,21.28,21.07,21.6
2022/09/19,20.85,20.85,20.4,20.55,21.07,21.0,21.49
2022/09/20,20.7,20.9,20.4,20.5,20.86,20.96,21.4
2022/09/21,20.45,20.6,20.3,20.35,20.68,20.94,21.32
2022/09/22,20.2,20.3,19.95,20.15,20.45,20.92,21.24
2022/09/23,20.2,20.4,20.05,20.1,20.33,20.8,21.12
2022/09/26,19.9,19.9,19.0,19.1,20.04,20.56,20.95
2022/09/27,19.0,19.6,19.0,19.5,19.84,20.35,20.84
2022/09/28,19.7,19.8,18.6,18.6,19.49,20.08,20.67
2022/09/29,19.1,20.15,18.9,19.35,19.33,19.89,20.53
2022/09/30,19.0,19.75,19.0,19.75,19.26,19.79,20.43
2022/10/03,19.5,19.9,19.35,19.7,19.38,19.71,20.36
2022/10/04,20.2,20.5,20.05,20.45,19.57,19.71,20.33
2022/10/05,20.8,20.9,20.35,20.6,19.97,19.73,20.34
2022/10/06,20.65,20.65,20.2,20.45,20.19,19.76,20.34
2022/10/07,20.25,20.45,20.05,20.2,20.28,19.77,20.29
2022/10/11,19.6,19.75,19.0,19.0,20.14,19.76,20.16
2022/10/12,19.4,19.65,19.05,19.5,19.95,19.76,20.06
2022/10/13,19.2,19.3,18.5,18.55,19.54,19.76,19.92
2022/10/14,19.15,19.7,18.95,19.55,19.36,19.77,19.83
2022/10/17,19.1,19.95,19.0,19.9,19.3,19.79,19.79
2022/10/18,20.1,20.8,19.9,20.8,19.66,19.9,19.8
2022/10/19,20.65,20.75,20.25,20.25,19.81,19.88,19.79
2022/10/20,19.8,20.5,19.35,20.5,20.2,19.87,19.8
2022/10/21,20.25,20.5,19.95,20.05,20.3,19.83,19.8
2022/10/24,20.65,20.9,20.3,20.3,20.38,19.84,19.8
2022/10/25,20.3,20.45,19.8,19.85,20.19,19.92,19.84
2022/10/26,20.05,20.05,19.25,19.35,20.01,19.91,19.84
2022/10/27,19.4,19.95,19.4,19.8,19.87,20.04,19.9
2022/10/28,19.5,19.65,19.15,19.2,19.7,20.0,19.89
2022/10/31,19.6,19.75,19.4,19.5,19.54,19.96,19.88
2022/11/01,19.45,20.0,19.4,19.85,19.54,19.87,19.88
2022/11/02,19.9,20.25,19.75,20.1,19.69,19.85,19.87
2022/11/03,19.75,20.2,19.7,20.15,19.76,19.82,19.84
2022/11/04,19.9,20.2,19.8,20.2,19.96,19.83,19.83
2022/11/07,20.3,20.7,20.2,20.55,20.17,19.86,19.85
2022/11/08,20.9,20.95,20.35,20.4,20.28,19.91,19.92
2022/11/09,20.7,21.0,20.5,21.0,20.46,20.08,19.99
2022/11/10,20.7,21.15,20.65,21.1,20.65,20.21,20.12
2022/11/11,22.5,22.55,21.75,21.85,20.98,20.47,20.24
2022/11/14,21.85,21.95,21.3,21.75,21.22,20.7,20.33
2022/11/15,21.7,22.2,21.65,22.1,21.56,20.92,20.39
2022/11/16,22.15,22.6,21.95,22.3,21.82,21.14,20.49
2022/11/17,22.0,22.15,21.55,21.85,21.97,21.31,20.56
2022/11/18,21.85,22.25,21.7,21.9,21.98,21.48,20.65
2022/11/21,22.05,22.05,21.4,21.45,21.92,21.57,20.71
2022/11/22,21.5,21.55,21.15,21.5,21.8,21.68,20.8
2022/11/23,21.7,21.8,21.5,21.55,21.65,21.74,20.9
2022/11/24,21.7,21.9,21.6,21.9,21.66,21.82,21.01
2022/11/25,21.85,22.0,21.6,21.65,21.61,21.8,21.13
2022/11/28,21.5,21.6,21.3,21.35,21.59,21.76,21.22
2022/11/29,21.4,21.4,20.9,21.25,21.54,21.67,21.3
2022/11/30,21.15,21.3,21.05,21.2,21.47,21.56,21.35
2022/12/01,21.6,22.35,21.6,21.95,21.48,21.57,21.44
2022/12/02,21.85,22.2,21.85,22.0,21.55,21.58,21.53
2022/12/05,22.05,22.45,22.0,22.1,21.7,21.64,21.61
2022/12/06,22.0,22.0,21.2,21.2,21.69,21.62,21.65
2022/12/07,21.15,21.4,21.0,21.1,21.67,21.57,21.65
2022/12/08,21.05,21.05,20.65,20.8,21.44,21.46,21.64
2022/12/09,20.95,21.0,20.7,20.7,21.18,21.36,21.58
2022/12/12,20.6,20.95,20.45,20.95,20.95,21.32,21.54
2022/12/13,20.95,21.1,20.55,20.65,20.84,21.26,21.47
2022/12/14,20.8,21.25,20.8,21.15,20.85,21.26,21.41
2022/12/15,21.0,21.25,21.0,21.1,20.91,21.18,21.37
2022/12/16,20.9,21.05,20.75,20.85,20.94,21.06,21.32
2022/12/19,20.7,21.1,20.55,21.0,20.95,20.95,21.3
2022/12/20,21.2,21.2,20.3,20.35,20.89,20.86,21.24
2022/12/21,20.5,20.55,20.0,20.05,20.67,20.76,21.16
2022/12/22,20.3,20.4,20.2,20.3,20.51,20.71,21.08
2022/12/23,20.0,20.1,19.75,20.1,20.36,20.65,21.01
2022/12/26,20.15,20.15,20.0,20.0,20.16,20.56,20.94
2022/12/27,20.05,20.25,20.0,20.05,20.1,20.5,20.88
2022/12/28,20.0,20.0,19.4,19.45,19.98,20.32,20.79
2022/12/29,19.25,19.6,19.1,19.45,19.81,20.16,20.67
2022/12/30,19.65,19.75,19.55,19.6,19.71,20.04,20.55
2023/01/03,19.45,19.75,19.35,19.75,19.66,19.91,20.43
2023/01/04,19.75,19.85,19.6,19.75,19.6,19.85,20.36
2023/01/05,20.2,20.5,19.9,20.0,19.71,19.85,20.3
2023/01/06,20.0,20.2,19.9,20.2,19.86,19.84,20.27
2023/01/09,20.4,20.5,20.2,20.5,20.04,19.88,20.26
2023/01/10,20.55,21.0,20.5,20.9,20.27,19.96,20.26
2023/01/11,21.0,21.1,20.75,20.95,20.51,20.06,20.27
2023/01/12,20.95,21.0,20.7,20.85,20.68,20.2,20.26
2023/01/13,20.95,21.15,20.65,20.7,20.78,20.32,20.24
2023/01/16,20.7,20.95,20.7,20.8,20.84,20.44,20.24
2023/01/17,20.8,21.0,20.75,21.0,20.86,20.56,20.24
2023/01/30,21.35,21.85,21.35,21.8,21.03,20.77,20.31
2023/01/31,21.7,21.85,21.5,21.55,21.17,20.92,20.38
2023/02/01,21.65,22.35,21.35,22.1,21.45,21.12,20.48
2023/02/02,22.25,23.75,22.2,23.6,22.01,21.42,20.65
2023/02/03,23.35,23.75,23.1,23.25,22.46,21.66,20.81
2023/02/06,23.0,23.2,22.4,22.5,22.6,21.82,20.94
2023/02/07,22.5,22.7,22.05,22.2,22.73,21.95,21.07
2023/02/08,22.5,22.85,22.3,22.7,22.85,22.15,21.24
2023/02/09,23.1,23.3,22.55,22.9,22.71,22.36,21.4
2023/02/10,22.85,22.85,22.25,22.35,22.53,22.49,21.53
2023/02/13,22.2,22.45,22.0,22.35,22.5,22.55,21.66
2023/02/14,22.6,22.7,22.45,22.5,22.56,22.64,21.79
2023/02/15,22.5,22.65,22.3,22.35,22.49,22.67,21.89
2023/02/16,22.6,23.5,22.55,23.4,22.59,22.65,22.04
2023/02/17,23.4,23.6,22.9,23.15,22.75,22.64,22.15
2023/02/20,23.3,23.9,23.05,23.85,23.05,22.78,22.3
2023/02/21,23.75,24.1,23.5,23.65,23.28,22.92,22.44
2023/02/22,23.4,23.45,23.0,23.05,23.42,22.96,22.55
2023/02/23,23.3,23.35,23.0,23.05,23.35,22.97,22.66
2023/02/24,23.2,23.4,23.05,23.05,23.33,23.04,22.77
2023/03/01,23.0,23.05,22.35,22.5,23.06,23.06,22.8
2023/03/02,23.65,24.45,23.45,24.0,23.13,23.2,22.92
2023/03/03,24.4,26.1,24.2,25.6,23.64,23.53,23.1
2023/03/06,25.3,25.75,25.0,25.15,24.06,23.7,23.18
2023/03/07,25.0,25.05,24.55,24.9,24.43,23.88,23.26
2023/03/08,24.65,25.15,24.55,25.1,24.95,24.01,23.39
2023/03/09,25.65,25.7,25.1,25.1,25.17,24.15,23.54
2023/03/10,24.8,24.8,24.0,24.1,24.87,24.26,23.6
2023/03/13,23.75,24.55,23.75,24.45,24.73,24.4,23.68
2023/03/14,24.2,24.4,23.85,23.85,24.52,24.48,23.76
2023/03/15,24.25,24.35,23.95,23.95,24.29,24.62,23.84
2023/03/16,23.8,24.15,23.65,24.0,24.07,24.62,23.91
2023/03/17,24.3,24.35,23.9,23.9,24.03,24.45,23.99
2023/03/20,24.1,24.45,24.0,24.4,24.02,24.38,24.04
2023/03/21,24.6,24.85,24.35,24.6,24.17,24.34,24.11
2023/03/22,24.7,24.8,24.45,24.5,24.28,24.28,24.14
2023/03/23,24.5,24.8,24.4,24.7,24.42,24.24,24.2
2023/03/24,25.1,25.75,24.9,25.55,24.75,24.39,24.32
2023/03/27,25.75,25.95,25.1,25.1,24.89,24.46,24.42
2023/03/28,25.15,25.25,24.6,24.65,24.9,24.54,24.51
2023/03/29,24.8,24.85,24.35,24.5,24.9,24.59,24.6
2023/03/30,25.7,25.75,25.1,25.25,25.01,24.71,24.67
2023/03/31,25.9,27.35,25.7,26.5,25.2,24.98,24.71
2023/04/06,26.05,26.25,25.5,25.6,25.3,25.1,24.74
2023/04/07,25.9,26.8,25.85,26.5,25.67,25.29,24.82
2023/04/10,26.9,27.3,26.2,26.4,26.05,25.48,24.88
2023/04/11,27.15,27.5,26.75,26.9,26.38,25.7,24.97
2023/04/12,27.1,27.1,26.6,26.9,26.46,25.83,25.11
2023/04/13,26.85,26.9,26.4,26.4,26.62,25.96,25.21
2023/04/14,26.5,26.55,26.05,26.25,26.57,26.12,25.33
2023/04/17,26.25,26.6,26.05,26.55,26.6,26.32,25.46
2023/04/18,26.55,26.55,25.9,26.0,26.42,26.4,25.56
2023/04/19,26.05,26.1,25.8,25.8,26.2,26.33,25.65
2023/04/20,26.0,26.0,25.25,25.5,26.02,26.32,25.71
2023/04/21,25.6,25.75,25.0,25.05,25.78,26.18,25.73
2023/04/24,25.0,25.55,24.9,25.25,25.52,26.06,25.77
2023/04/25,25.4,25.45,24.5,24.6,25.24,25.83,25.76
2023/04/26,24.7,24.75,24.3,24.75,25.03,25.62,25.72
2023/04/27,25.1,25.5,25.05,25.5,25.03,25.52,25.74
2023/04/28,26.15,26.5,25.8,25.95,25.21,25.49,25.81
2023/05/02,26.05,26.05,25.3,25.55,25.27,25.4,25.86
2023/05/03,25.3,25.4,25.1,25.25,25.4,25.32,25.86
2023/05/04,25.1,25.35,24.9,25.05,25.46,25.24,25.79
2023/05/05,24.65,24.8,24.3,24.65,25.29,25.16,25.74
2023/05/08,24.9,24.95,24.45,24.5,25.0,25.1,25.64
2023/05/09,24.55,24.8,24.35,24.5,24.79,25.03,25.54
2023/05/10,24.35,24.35,23.75,24.25,24.59,24.99,25.41
2023/05/11,24.25,24.35,23.75,23.75,24.33,24.9,25.26
2023/05/12,23.9,24.05,23.6,23.9,24.18,24.74,25.13
2023/05/15,23.8,23.8,23.25,23.5,23.98,24.49,24.99
2023/05/16,24.0,24.3,23.9,24.1,23.9,24.34,24.87
2023/05/17,24.3,24.85,23.95,24.65,23.98,24.28,24.8
2023/05/18,25.0,25.8,25.0,25.8,24.39,24.36,24.8
2023/05/19,25.7,26.2,25.65,26.0,24.81,24.49,24.83
2023/05/22,26.55,26.8,25.75,25.8,25.27,24.62,24.86
2023/05/23,25.85,26.1,25.35,25.5,25.55,24.72,24.88
2023/05/24,25.6,26.15,25.25,26.0,25.82,24.9,24.95
2023/05/25,26.4,26.5,26.0,26.05,25.87,25.13,25.01
2023/05/26,26.3,26.45,26.0,26.05,25.88,25.34,25.04
2023/05/29,26.35,27.3,26.35,26.9,26.1,25.68,25.09
2023/05/30,26.9,27.0,26.3,26.7,26.34,25.94,25.15
2023/05/31,26.5,27.3,26.45,26.65,26.47,26.14,25.22
2023/06/01,26.65,26.7,26.2,26.6,26.58,26.22,25.29
2023/06/02,26.85,28.85,26.8,28.5,27.07,26.48,25.49
2023/06/05,28.9,29.0,28.15,28.15,27.32,26.71,25.67
2023/06/06,28.65,29.0,28.3,28.7,27.72,27.03,25.88
2023/06/07,28.85,28.95,28.35,28.6,28.11,27.29,26.1
2023/06/08,28.45,28.5,26.85,27.2,28.23,27.4,26.27
2023/06/09,27.65,28.2,27.6,28.1,28.15,27.61,26.48
2023/06/12,28.3,29.0,28.05,28.6,28.24,27.78,26.73
2023/06/13,28.95,29.45,28.7,28.95,28.29,28.01,26.98
2023/06/14,29.0,29.5,28.7,29.25,28.42,28.26,27.2
2023/06/15,29.6,29.7,29.05,29.1,28.8,28.51,27.37
2023/06/16,29.1,29.5,28.5,29.2,29.02,28.58,27.53
2023/06/19,29.0,29.05,28.45,28.55,29.01,28.62,27.67
2023/06/20,28.7,29.1,28.55,28.85,28.99,28.64,27.83
2023/06/21,28.85,29.05,28.2,28.95,28.93,28.68,27.98
2023/06/26,28.4,28.45,27.5,28.0,28.71,28.76,28.08
2023/06/27,27.8,27.85,26.65,26.95,28.26,28.64,28.12
2023/06/28,27.3,27.65,27.1,27.2,27.99,28.5,28.14
2023/06/29,27.75,29.6,27.75,28.5,27.92,28.45,28.23
2023/06/30,27.85,27.85,27.4,27.45,27.62,28.28,28.27
2023/07/03,27.6,27.7,27.35,27.4,27.5,28.1,28.31
2023/07/04,27.5,27.65,27.15,27.5,27.61,27.93,28.26
2023/07/05,27.5,27.75,27.3,27.45,27.66,27.82,28.22
2023/07/06,27.2,27.55,27.05,27.25,27.41,27.66,28.15
2023/07/07,27.1,27.1,26.35,26.4,27.2,27.41,28.04
2023/07/10,26.5,27.0,26.5,26.7,27.06,27.28,28.02
2023/07/11,27.2,27.5,27.15,27.5,27.06,27.34,27.99
2023/07/12,27.95,28.45,27.8,27.9,27.15,27.4,27.95
2023/07/13,28.35,29.2,28.15,28.6,27.42,27.42,27.93
2023/07/14,29.1,29.15,28.35,28.35,27.81,27.51,27.89
2023/07/17,28.25,29.25,27.9,28.8,28.23,27.64,27.88
2023/07/18,29.05,29.05,28.2,28.25,28.38,27.72,27.83
2023/07/19,28.4,28.5,27.85,27.95,28.39,27.77,27.8
2023/07/20,28.0,28.25,27.65,27.8,28.23,27.82,27.75
2023/07/21,27.2,27.6,26.8,27.45,28.05,27.93,27.67
2023/07/24,27.3,27.4,27.05,27.25,27.74,27.99,27.63
2023/07/25,27.45,27.5,27.1,27.15,27.52,27.95,27.64
2023/07/26,27.2,27.3,26.8,26.8,27.29,27.84,27.62
2023/07/27,27.25,28.2,27.2,28.2,27.37,27.8,27.61
2023/07/28,28.5,28.9,28.2,28.6,27.6,27.82,27.66
2023/07/31,29.0,30.25,29.0,29.35,28.02,27.88,27.76
2023/08/01,29.95,30.1,29.25,29.3,28.45,27.99,27.85
2023/08/02,29.1,29.1,28.0,28.1,28.71,28.0,27.88
2023/08/04,27.85,27.85,26.35,27.25,28.52,27.94,27.88
2023/08/07,27.3,27.75,27.1,27.7,28.34,27.97,27.95
2023/08/08,27.8,27.8,27.05,27.1,27.89,27.96,27.97
2023/08/09,26.95,27.3,26.6,27.05,27.44,27.94,27.95
2023/08/10,27.05,27.15,26.65,26.8,27.18,27.94,27.89
2023/08/11,27.1,27.1,26.6,26.8,27.09,27.8,27.8
2023/08/14,26.55,26.6,25.3,25.45,26.64,27.49,27.66
2023/08/15,26.2,26.45,26.0,26.15,26.45,27.17,27.52
2023/08/16,25.7,25.8,25.45,25.65,26.17,26.8,27.4
2023/08/17,25.35,25.9,25.05,25.9,25.99,26.58,27.29
2023/08/18,25.95,26.2,25.45,25.65,25.76,26.42,27.18
2023/08/21,25.8,25.85,25.15,25.5,25.77,26.2,27.09
2023/08/22,25.55,25.9,25.25,25.25,25.59,26.02,26.99
2023/08/23,25.25,25.75,25.1,25.7,25.6,25.88,26.92
2023/08/24,26.15,26.4,25.8,26.25,25.67,25.83,26.89
2023/08/25,26.05,26.1,25.7,25.75,25.69,25.72,26.76
2023/08/28,25.85,25.85,25.35,25.45,25.68,25.72,26.61
2023/08/29,25.75,26.2,25.55,26.2,25.87,25.73,26.45
2023/08/30,26.8,26.8,26.0,26.3,25.99,25.8,26.3
2023/08/31,26.45,26.8,26.3,26.35,26.01,25.84,26.21
2023/09/01,26.7,27.25,26.6,27.1,26.28,25.99,26.2
2023/09/04,26.8,27.2,26.7,27.15,26.62,26.15,26.18
2023/09/05,27.3,27.6,27.0,27.2,26.82,26.34,26.18
2023/09/06,27.2,27.2,26.7,26.85,26.93,26.46,26.17
2023/09/07,26.75,27.25,26.7,26.9,27.04,26.52,26.18
2023/09/08,27.0,27.15,26.65,26.7,26.96,26.62,26.17
2023/09/11,26.95,26.95,26.4,26.45,26.82,26.72,26.22
2023/09/12,26.7,27.0,26.5,26.9,26.76,26.79,26.26
2023/09/13,26.95,27.0,26.65,26.95,26.78,26.86,26.32
2023/09/14,27.1,27.3,27.05,27.3,26.86,26.95,26.4
2023/09/15,27.55,28.15,27.35,28.15,27.15,27.06,26.52
2023/09/18,28.0,28.3,27.7,27.8,27.42,27.12,26.64
2023/09/19,28.15,28.3,27.7,27.85,27.61,27.18,26.76
2023/09/20,27.6,27.6,26.5,26.5,27.52,27.15,26.8
2023/09/21,26.45,26.7,26.15,26.5,27.36,27.11,26.82
2023/09/22,26.45,26.65,26.1,26.35,27.0,27.08,26.85
2023/09/25,26.7,26.7,26.1,26.2,26.68,27.05,26.88
2023/09/26,26.15,26.25,25.7,25.7,26.25,26.93,26.86
2023/09/27,25.65,26.25,25.45,25.75,26.1,26.81,26.83
2023/09/28,26.0,26.0,25.3,25.3,25.86,26.61,26.78
2023/10/02,25.5,26.0,25.4,25.6,25.71,26.36,26.7
2023/10/03,25.6,26.35,25.5,25.85,25.64,26.16,26.64
2023/10/04,25.65,25.65,25.3,25.5,25.6,25.92,26.56
2023/10/05,25.7,26.85,25.65,26.75,25.8,25.95,26.55
2023/10/06,27.0,27.65,26.75,27.45,26.23,26.04,26.58
2023/10/11,28.0,28.15,27.35,27.95,26.7,26.2,26.64
2023/10/12,28.1,29.1,27.6,28.9,27.31,26.48,26.76
2023/10/13,28.85,28.9,28.2,28.35,27.88,26.74,26.84
2023/10/16,27.7,27.75,25.85,26.05,27.74,26.77,26.79
2023/10/17,26.25,26.9,26.1,26.6,27.57,26.9,26.76
2023/10/18,26.8,26.8,25.9,25.95,27.17,26.94,26.64
2023/10/19,25.85,26.45,25.7,26.4,26.67,26.99,26.58
2023/10/20,26.05,26.25,25.9,26.05,26.21,27.04,26.49
2023/10/23,26.0,26.35,25.85,25.85,26.17,26.96,26.45
2023/10/24,26.0,26.2,25.75,26.05,26.06,26.82,26.43
2023/10/25,26.05,26.25,25.8,25.8,26.03,26.6,26.4
2023/10/26,25.4,25.4,24.6,24.65,25.68,26.18,26.32
2023/10/27,24.7,24.9,24.6,24.6,25.39,25.8,26.27
2023/10/30,24.85,25.45,24.75,25.35,25.29,25.73,26.25
2023/10/31,25.65,26.0,24.95,24.95,25.07,25.56,26.23
2023/11/01,25.35,25.4,24.95,24.95,24.9,25.46,26.2
2023/11/02,25.4,25.7,25.25,25.55,25.08,25.38,26.18
2023/11/03,25.75,25.75,25.2,25.35,25.23,25.31,26.18
2023/11/06,25.45,26.1,25.45,25.85,25.33,25.31,26.13
2023/11/07,25.6,25.6,25.3,25.4,25.42,25.24,26.03
2023/11/08,25.6,25.75,25.25,25.4,25.51,25.2,25.9
2023/11/09,25.5,25.5,24.95,25.1,25.42,25.25,25.71
2023/11/10,25.1,25.2,25.0,25.0,25.35,25.29,25.54
2023/11/13,25.4,25.5,25.1,25.5,25.28,25.3,25.52
2023/11/14,25.55,26.3,25.5,26.2,25.44,25.43,25.5
2023/11/15,26.65,28.8,26.65,28.6,26.08,25.8,25.63
2023/11/16,28.6,28.75,27.55,27.65,26.59,26.01,25.69
2023/11/17,27.8,28.0,27.3,27.65,27.12,26.24,25.77
2023/11/20,27.95,28.2,27.75,27.85,27.59,26.44,25.87
2023/11/21,28.1,28.1,27.55,27.8,27.91,26.68,25.96
2023/11/22,27.7,27.75,27.4,27.6,27.71,26.9,26.05
2023/11/23,27.75,27.95,27.4,27.5,27.68,27.14,26.19
2023/11/24,27.7,27.85,27.15,27.4,27.63,27.38,26.33
2023/11/27,27.55,27.7,26.8,26.8,27.42,27.51,26.4
2023/11/28,27.1,27.85,26.85,27.85,27.43,27.67,26.55
2023/11/29,28.0,28.6,27.7,28.45,27.6,27.66,26.72
2023/11/30,28.7,29.3,28.05,28.35,27.77,27.72,26.86
2023/12/01,28.2,28.25,27.85,28.1,27.91,27.77,27.0
2023/12/04,28.2,28.6,28.05,28.1,28.17,27.8,27.12
2023/12/05,27.85,27.85,27.35,27.45,28.09,27.76,27.22
2023/12/06,27.7,27.7,27.15,27.2,27.84,27.72,27.31
2023/12/07,27.4,27.4,26.95,27.0,27.57,27.67,27.4
2023/12/08,27.35,27.55,27.15,27.4,27.43,27.67,27.52
2023/12/11,27.55,27.9,27.4,27.8,27.37,27.77,27.64
2023/12/12,28.1,28.2,27.35,27.45,27.37,27.73,27.7
2023/12/13,27.6,27.75,27.35,27.55,27.44,27.64,27.65
2023/12/14,27.95,28.4,27.45,27.55,27.55,27.56,27.64
2023/12/15,28.0,28.95,27.95,28.55,27.78,27.6,27.69
2023/12/18,28.55,29.5,27.95,28.55,27.93,27.65,27.72
2023/12/19,28.5,28.55,27.7,27.85,28.01,27.69,27.72
2023/12/20,27.85,28.1,27.8,27.9,28.08,27.76,27.74
2023/12/21,27.75,28.75,27.6,28.4,28.25,27.9,27.78
2023/12/22,29.2,29.9,28.4,28.5,28.24,28.01,27.84
2023/12/25,28.6,28.65,28.15,28.2,28.17,28.05,27.91
2023/12/26,28.4,29.1,28.35,28.95,28.39,28.2,27.97
2023/12/27,29.0,30.2,28.9,29.75,28.76,28.42,28.03
2023/12/28,30.2,31.8,29.75,30.75,29.23,28.74,28.15
2023/12/29,31.3,31.6,30.2,30.45,29.62,28.93,28.27
2024/01/02,30.55,30.95,29.9,30.0,29.98,29.08,28.36
2024/01/03,29.55,29.65,29.0,29.35,30.06,29.22,28.46
2024/01/04,29.45,29.6,28.95,29.1,29.93,29.35,28.55
2024/01/05,29.1,29.3,28.7,28.85,29.55,29.39,28.65
2024/01/08,29.05,29.2,28.25,28.55,29.17,29.4,28.7
2024/01/09,28.8,28.8,28.1,28.1,28.79,29.38,28.72
2024/01/10,28.1,28.2,27.8,28.1,28.54,29.3,28.75
2024/01/11,28.3,28.3,27.7,27.85,28.29,29.11,28.76
2024/01/12,27.8,28.05,27.7,27.95,28.11,28.83,28.79
2024/01/15,28.15,29.3,28.05,29.0,28.2,28.68,28.81
2024/01/16,28.7,28.7,28.0,28.1,28.2,28.5,28.79
2024/01/17,28.0,28.05,26.8,26.85,27.95,28.24,28.74
2024/01/18,27.0,27.65,26.9,27.5,27.88,28.08,28.72
2024/01/19,27.75,27.9,27.5,27.65,27.82,27.96,28.68
2024/01/22,27.85,28.2,27.55,27.9,27.6,27.9,28.65
2024/01/23,28.1,28.75,27.85,28.15,27.61,27.9,28.64
2024/01/24,28.35,28.9,27.9,27.9,27.82,27.88,28.59
2024/01/25,28.5,28.6,27.75,27.85,27.89,27.88,28.5
2024/01/26,27.95,28.45,27.7,28.0,27.96,27.89,28.36
2024/01/29,28.0,28.0,27.6,27.9,27.96,27.78,28.23
2024/01/30,27.85,27.9,27.3,27.35,27.8,27.7,28.1
2024/01/31,27.25,27.55,27.05,27.2,27.66,27.74,27.99
2024/02/01,27.2,27.4,27.1,27.35,27.56,27.72,27.9
2024/02/02,27.45,27.5,27.05,27.05,27.37,27.67,27.82
2024/02/05,27.0,27.2,26.9,27.1,27.21,27.58,27.74
2024/02/15,27.25,27.25,26.2,26.35,27.01,27.4,27.66
2024/02/16,26.5,27.3,26.45,27.15,27.0,27.33,27.61
2024/02/19,27.65,27.8,27.35,27.7,27.07,27.32,27.6
2024/02/20,27.85,27.85,27.2,27.3,27.12,27.24,27.57
2024/02/21,27.3,27.8,27.3,27.7,27.24,27.22,27.5
2024/02/22,27.8,28.1,27.6,27.9,27.55,27.28,27.49
2024/02/23,28.15,28.2,27.65,27.65,27.65,27.32,27.53
2024/02/26,27.65,27.7,27.35,27.55,27.62,27.34,27.53
2024/02/27,28.0,28.1,27.4,27.45,27.65,27.38,27.52
2024/02/29,27.5,27.95,27.2,27.95,27.7,27.47,27.53
2024/03/01,27.95,27.95,27.6,27.7,27.66,27.6,27.51
2024/03/04,28.15,28.5,27.75,27.75,27.68,27.67,27.5
2024/03/05,27.8,28.0,27.3,27.55,27.68,27.65,27.48
2024/03/06,27.5,27.7,27.2,27.2,27.63,27.64,27.44
2024/03/07,27.7,28.7,27.6,27.65,27.57,27.64,27.43
2024/03/08,28.05,28.45,27.1,27.6,27.55,27.6,27.44
2024/03/11,27.7,28.1,27.3,27.45,27.49,27.58,27.46
2024/03/12,27.55,27.65,27.3,27.5,27.48,27.58,27.46
2024/03/13,27.6,27.7,26.8,26.8,27.4,27.52,27.45
2024/03/14,26.75,27.1,26.6,26.8,27.23,27.4,27.43
2024/03/15,26.9,26.9,26.5,26.5,27.01,27.28,27.44
2024/03/18,26.5,26.95,26.3,26.9,26.9,27.2,27.43
2024/03/19,26.9,27.0,26.6,26.6,26.72,27.1,27.38
2024/03/20,26.65,26.7,26.05,26.05,26.57,26.99,27.31
2024/03/21,27.2,27.9,27.1,27.7,26.75,26.99,27.31
2024/03/22,28.0,28.15,27.2,27.5,26.95,26.98,27.29
2024/03/25,27.4,27.8,27.1,27.45,27.06,26.98,27.28
2024/03/26,27.85,28.1,27.05,27.1,27.16,26.94,27.26
2024/03/27,27.05,27.15,26.8,26.95,27.34,26.96,27.23
2024/03/28,27.05,27.4,26.85,27.0,27.2,26.98,27.19
2024/03/29,27.1,27.35,27.0,27.2,27.14,27.04,27.16
2024/04/01,27.4,27.75,27.2,27.45,27.14,27.1,27.15
2024/04/02,27.7,27.8,27.0,27.05,27.13,27.14,27.12
2024/04/03,26.8,26.9,26.55,26.7,27.08,27.21,27.1
2024/04/08,26.9,27.15,26.7,26.8,27.04,27.12,27.06
2024/04/09,27.2,27.2,26.8,27.0,27.0,27.07,27.02
2024/04/10,27.05,28.2,26.9,27.55,27.02,27.08,27.03
2024/04/11,27.5,27.6,27.15,27.3,27.07,27.1,27.02
2024/04/12,27.25,27.35,26.85,26.9,27.11,27.1,27.02
2024/04/15,26.6,26.85,26.25,26.65,27.08,27.06,27.02
2024/04/16,26.35,26.5,25.3,25.5,26.78,26.89,26.97
2024/04/17,25.75,26.05,25.65,26.05,26.48,26.75,26.92
2024/04/18,25.75,26.0,25.55,25.9,26.2,26.64,26.89
2024/04/19,25.75,25.85,24.95,25.4,25.9,26.51,26.86
2024/04/22,25.35,25.35,24.55,24.7,25.51,26.3,26.71
2024/04/23,24.95,25.2,24.65,24.9,25.39,26.08,26.58
2024/04/24,25.1,25.65,25.05,25.65,25.31,25.9,26.49
2024/04/25,25.3,25.65,25.2,25.2,25.17,25.68,26.39
2024/04/26,25.2,25.55,25.1,25.15,25.12,25.51,26.3
2024/04/29,25.5,26.05,25.5,26.0,25.38,25.44,26.25
2024/04/30,26.05,26.15,25.85,26.0,25.6,25.49,26.19
2024/05/02,25.9,26.0,25.7,25.9,25.65,25.48,26.12
2024/05/03,25.7,25.75,25.2,25.2,25.65,25.41,26.02
2024/05/06,25.25,26.05,25.25,25.45,25.71,25.42,25.96
2024/05/07,25.7,26.2,25.15,25.25,25.56,25.47,25.88
2024/05/08,25.35,25.5,25.1,25.35,25.43,25.52,25.8
2024/05/09,25.4,25.45,24.9,24.9,25.23,25.44,25.67
2024/05/10,25.0,25.3,24.8,25.3,25.25,25.45,25.57
2024/05/13,25.5,25.7,25.2,25.45,25.25,25.48,25.49
2024/05/14,25.6,25.65,25.25,25.6,25.32,25.44,25.44
2024/05/15,25.75,25.95,25.35,25.5,25.35,25.39,25.44
2024/05/16,25.8,25.8,25.5,25.6,25.49,25.36,25.42
2024/05/17,25.55,25.7,25.35,25.35,25.5,25.38,25.39
2024/05/20,25.5,25.7,25.3,25.5,25.51,25.38,25.4
2024/05/21,25.7,25.7,25.3,25.45,25.48,25.4,25.44
2024/05/22,25.7,25.95,25.55,25.85,25.55,25.45,25.48
2024/05/23,25.9,25.95,25.6,25.7,25.57,25.53,25.48
2024/05/24,25.7,26.3,25.65,25.85,25.67,25.58,25.52
2024/05/27,26.1,26.15,25.8,26.0,25.77,25.64,25.56
2024/05/28,26.05,26.55,25.7,26.45,25.97,25.72,25.58
2024/05/29,26.55,26.55,26.05,26.05,26.01,25.78,25.58
2024/05/30,25.9,25.9,25.4,25.4,25.95,25.76,25.56
2024/05/31,25.5,25.55,25.0,25.0,25.78,25.72,25.55
2024/06/03,25.3,25.35,25.1,25.2,25.62,25.7,25.54
2024/06/04,24.85,24.85,24.0,24.1,25.15,25.56,25.48
2024/06/05,24.05,24.4,23.9,23.9,24.72,25.36,25.41
2024/06/06,24.2,24.35,23.9,23.9,24.42,25.18,25.36
2024/06/07,24.05,24.55,24.0,24.45,24.31,25.04,25.32
2024/06/11,24.6,24.6,24.0,24.05,24.08,24.85,25.24
2024/06/12,24.25,24.5,24.0,24.0,24.06,24.6,25.16
2024/06/13,24.3,24.85,24.2,24.65,24.21,24.46,25.12
2024/06/14,24.85,24.85,24.35,24.65,24.36,24.39,25.08
2024/06/17,24.65,25.5,24.55,25.5,24.57,24.44,25.08
2024/06/18,25.95,26.85,25.5,26.8,25.12,24.6,25.15
2024/06/19,26.95,27.25,26.25,26.3,25.58,24.82,25.19
2024/06/20,26.4,27.3,26.2,26.7,25.99,25.1,25.23
2024/06/21,26.55,27.2,26.35,26.95,26.45,25.4,25.3
2024/06/24,26.95,26.95,26.15,26.3,26.61,25.59,25.32
2024/06/25,26.2,26.25,25.7,25.95,26.44,25.78,25.32
2024/06/26,25.85,25.95,25.35,25.4,26.26,25.92,25.26
2024/06/27,25.3,25.3,25.0,25.05,25.93,25.96,25.21
2024/06/28,25.05,26.0,25.05,25.7,25.68,26.06,25.23
2024/07/01,25.7,25.8,25.35,25.5,25.52,26.06,25.25
2024/07/02,25.4,25.5,25.15,25.4,25.41,25.92,25.26
2024/07/03,25.5,26.65,25.25,26.3,25.59,25.92,25.37
2024/07/04,26.5,26.7,26.0,26.3,25.84,25.88,25.49
2024/07/05,26.3,26.35,25.95,25.95,25.89,25.79,25.6
2024/07/08,26.1,26.25,25.75,25.95,25.98,25.75,25.67
2024/07/09,26.05,26.05,25.2,25.55,26.01,25.71,25.74
2024/07/10,25.6,25.7,25.3,25.4,25.83,25.71,25.82
2024/07/11,25.5,25.85,25.15,25.8,25.73,25.79,25.87
2024/07/12,25.6,26.1,25.45,25.8,25.7,25.8,25.93
2024/07/15,25.85,25.85,25.25,25.35,25.58,25.78,25.92
2024/07/16,25.4,25.7,25.3,25.35,25.54,25.78,25.85
2024/07/17,25.45,25.6,25.2,25.25,25.51,25.67,25.8
2024/07/18,25.2,25.35,24.7,25.25,25.4,25.56,25.72
2024/07/19,25.05,25.2,24.35,24.4,25.12,25.41,25.6
2024/07/22,24.4,24.5,23.55,23.85,24.82,25.2,25.48
2024/07/23,24.1,24.4,23.9,23.9,24.53,25.04,25.37
2024/07/26,23.6,23.65,23.2,23.45,24.17,24.84,25.28
2024/07/29,23.6,23.85,23.2,23.2,23.76,24.58,25.18
2024/07/30,22.85,23.05,22.1,22.7,23.42,24.27,25.03
2024/07/31,22.5,23.35,22.3,23.15,23.28,24.05,24.92
2024/08/01,23.5,23.7,23.2,23.3,23.16,23.84,24.81
2024/08/02,23.55,24.1,23.2,23.2,23.11,23.64,24.66
2024/08/05,22.3,22.4,21.4,22.0,22.87,23.32,24.44
2024/08/06,22.8,23.5,22.0,23.1,22.95,23.18,24.3
2024/08/07,23.0,23.7,22.9,23.55,23.03,23.16,24.18
2024/08/08,23.1,23.25,22.65,22.65,22.9,23.03,24.03
2024/08/09,23.15,23.55,22.9,22.9,22.84,22.98,23.91
2024/08/12,23.1,23.7,23.1,23.35,23.11,22.99,23.78
2024/08/13,23.5,23.6,23.25,23.6,23.21,23.08,23.68
2024/08/14,23.85,24.35,23.7,24.2,23.34,23.18,23.62
2024/08/15,24.4,24.4,23.8,23.8,23.57,23.24,23.54
2024/08/16,24.2,24.35,23.9,23.95,23.78,23.31,23.48
2024/08/19,23.95,24.15,23.7,24.0,23.91,23.51,23.41
2024/08/20,23.9,24.15,23.65,23.75,23.94,23.58,23.38
2024/08/21,23.8,23.85,23.35,23.35,23.77,23.56,23.36
2024/08/22,23.4,23.85,23.35,23.75,23.76,23.66,23.35
2024/08/23,23.5,23.55,23.2,23.4,23.65,23.71,23.34
2024/08/26,23.5,23.95,23.4,23.55,23.56,23.74,23.36
2024/08/27,23.5,23.55,23.3,23.4,23.49,23.72,23.4
2024/08/28,23.5,23.6,23.25,23.45,23.51,23.64,23.41
2024/08/29,23.25,23.6,23.15,23.55,23.47,23.62,23.42
2024/08/30,23.55,24.3,23.55,24.05,23.6,23.62,23.47
2024/09/02,24.15,24.2,23.55,23.7,23.63,23.6,23.55
2024/09/03,23.7,23.75,23.2,23.2,23.59,23.54,23.56
2024/09/04,22.05,22.25,21.6,22.1,23.32,23.42,23.48
2024/09/05,22.2,22.35,21.4,21.4,22.89,23.18,23.42
2024/09/06,21.5,21.65,21.25,21.4,22.36,22.98,23.35
2024/09/09,20.9,21.3,20.8,21.2,21.86,22.74,23.24
2024/09/10,21.3,21.35,20.45,20.45,21.31,22.45,23.08
2024/09/11,20.5,21.0,20.5,20.8,21.05,22.18,22.91
2024/09/12,21.25,21.3,20.95,21.05,20.98,21.94,22.78
2024/09/13,21.05,21.15,20.95,21.05,20.91,21.64,22.63
2024/09/16,20.65,21.05,20.55,21.05,20.88,21.37,22.48
2024/09/18,21.05,21.1,20.4,20.4,20.87,21.09,22.32
2024/09/19,20.4,20.7,20.1,20.4,20.79,20.92,22.17
2024/09/20,20.6,20.95,20.45,20.45,20.67,20.82,22.0
2024/09/23,20.75,20.95,20.55,20.65,20.59,20.75,21.86
2024/09/24,20.6,20.6,20.1,20.4,20.46,20.67,21.71
2024/09/25,20.5,20.85,20.5,20.75,20.53,20.7,21.58
2024/09/26,21.5,21.75,20.9,20.9,20.63,20.71,21.45
2024/09/27,21.3,21.55,21.25,21.45,20.83,20.75,21.34
2024/09/30,21.2,21.75,21.15,21.35,20.97,20.78,21.21
2024/10/01,21.35,21.45,20.9,21.0,21.09,20.78,21.07
2024/10/04,21.0,21.25,20.7,20.85,21.11,20.82,20.96
2024/10/07,20.95,21.0,20.55,20.7,21.07,20.85,20.88
2024/10/08,20.7,20.8,20.3,20.35,20.85,20.84,20.83
2024/10/09,20.6,20.65,20.25,20.25,20.63,20.8,20.78
2024/10/11,20.35,20.35,20.05,20.05,20.44,20.76,20.72
2024/10/14,20.15,20.2,20.0,20.1,20.29,20.7,20.7
2024/10/15,20.15,20.5,20.15,20.35,20.22,20.65,20.68
2024/10/16,20.2,20.2,19.95,20.0,20.15,20.5,20.62
2024/10/17,20.15,20.5,20.1,20.25,20.15,20.39,20.58
2024/10/18,20.35,20.4,20.0,20.1,20.16,20.3,20.54
2024/10/21,20.2,20.4,19.95,20.25,20.19,20.24,20.53
2024/10/22,20.25,20.25,20.0,20.2,20.16,20.19,20.52
2024/10/23,20.15,20.45,20.1,20.2,20.2,20.18,20.51
2024/10/24,20.15,20.15,19.9,19.95,20.14,20.14,20.47
2024/10/25,20.0,20.05,19.6,19.8,20.08,20.12,20.44
2024/10/28,19.9,19.9,19.5,19.75,19.98,20.08,20.39
2024/10/29,19.75,19.75,19.2,19.2,19.78,19.97,20.31
2024/10/30,19.3,19.5,19.05,19.25,19.59,19.9,20.2
2024/11/01,19.0,19.4,18.8,19.35,19.47,19.8,20.1
2024/11/04,19.35,19.35,19.05,19.2,19.35,19.72,20.01
2024/11/05,19.1,19.25,18.9,19.0,19.2,19.59,19.92
2024/11/06,19.15,19.3,18.85,18.9,19.14,19.46,19.82
2024/11/07,18.95,19.85,18.9,19.8,19.25,19.42,19.8
2024/11/08,19.9,20.05,19.35,19.5,19.28,19.38,19.76
2024/11/11,19.4,19.4,19.0,19.2,19.28,19.32,19.72
2024/11/12,18.95,19.1,18.7,18.7,19.22,19.21,19.65
2024/11/13,18.7,18.75,18.3,18.35,19.11,19.12,19.55
2024/11/14,18.35,18.35,17.7,17.7,18.69,18.97,19.43
2024/11/15,17.75,18.15,17.75,18.0,18.39,18.84,19.32
2024/11/18,18.0,18.05,17.7,17.8,18.11,18.7,19.2
2024/11/19,17.95,18.15,17.8,18.0,17.97,18.6,19.09
2024/11/20,18.05,18.25,17.8,17.8,17.86,18.48,18.97
2024/11/21,17.8,18.0,17.5,17.8,17.88,18.29,18.85
2024/11/22,17.9,18.1,17.9,18.05,17.89,18.14,18.76
2024/11/25,18.1,18.15,17.6,17.6,17.85,17.98,18.65
2024/11/26,17.8,17.85,17.45,17.45,17.74,17.86,18.53
2024/11/27,17.5,17.5,16.6,16.6,17.5,17.68,18.4
2024/11/28,16.5,16.6,16.05,16.05,17.15,17.52,18.24
2024/11/29,16.05,16.25,15.9,16.05,16.75,17.32,18.08
2024/12/02,16.15,16.3,15.85,15.85,16.4,17.12,17.91
2024/12/03,16.0,16.2,15.85,15.9,16.09,16.92,17.76
2024/12/04,16.05,16.2,15.95,16.0,15.97,16.74,17.61
2024/12/05,16.1,16.25,15.85,15.85,15.93,16.54,17.41
2024/12/06,15.8,16.45,15.75,16.15,15.95,16.35,17.24
2024/12/09,16.2,16.25,15.9,15.9,15.96,16.18,17.08
2024/12/10,15.95,16.2,15.8,15.8,15.94,16.02,16.93
2024/12/11,15.8,15.8,15.2,15.25,15.79,15.88,16.78
2024/12/12,15.4,15.8,15.1,15.1,15.64,15.78,16.65
2024/12/13,15.2,15.2,14.8,15.0,15.41,15.68,16.5
2024/12/16,15.1,15.1,14.4,14.45,15.12,15.54,16.33
2024/12/17,14.75,15.25,14.75,14.9,14.94,15.44,16.18
2024/12/18,15.1,15.9,15.05,15.6,15.01,15.4,16.07
2024/12/19,15.2,15.9,15.15,15.7,15.13,15.39,15.96
2024/12/20,15.4,15.4,15.0,15.0,15.13,15.27,15.81
2024/12/23,15.25,15.55,15.2,15.2,15.28,15.2,15.69
2024/12/24,15.35,16.0,15.35,15.6,15.42,15.18,15.6
2024/12/25,15.75,15.8,15.45,15.6,15.42,15.21,15.55
2024/12/26,15.6,15.75,15.4,15.45,15.37,15.25,15.52
2024/12/27,15.5,15.5,15.15,15.25,15.42,15.28,15.48
2024/12/30,15.25,15.25,15.0,15.0,15.38,15.33,15.43
2024/12/31,14.9,14.95,14.65,14.8,15.22,15.32,15.38
2025/01/02,14.6,14.8,14.5,14.5,15.0,15.21,15.3
2025/01/03,14.6,14.85,14.4,14.4,14.79,15.08,15.23
2025/01/06,14.6,14.9,14.4,14.8,14.7,15.06,15.16
2025/01/07,15.1,15.55,14.65,14.65,14.63,15.0,15.1
2025/01/08,14.75,14.75,14.45,14.5,14.57,14.9,15.04
2025/01/09,14.5,14.55,13.7,13.7,14.41,14.71,14.96
2025/01/10,13.8,14.15,13.75,13.8,14.29,14.54,14.9
2025/01/13,13.65,13.7,13.2,13.35,14.0,14.35,14.81
2025/01/14,13.45,13.7,13.4,13.55,13.78,14.2,14.77
2025/01/15,13.55,13.85,13.3,13.65,13.61,14.09,14.71
2025/01/16,13.9,14.4,13.75,14.0,13.67,14.04,14.62
2025/01/17,13.95,14.15,13.85,14.05,13.72,14.0,14.54
2025/01/20,14.3,14.3,13.95,14.1,13.87,13.93,14.5
2025/01/21,14.05,14.3,14.0,14.15,13.99,13.88,14.44
2025/01/22,14.25,14.35,14.05,14.35,14.13,13.87,14.38
2025/02/03,14.6,14.6,14.0,14.3,14.19,13.93,14.32
2025/02/04,14.3,14.4,13.9,14.05,14.19,13.96,14.25
2025/02/05,14.2,14.6,14.15,14.2,14.21,14.04,14.2
2025/02/06,14.25,14.55,14.2,14.5,14.28,14.14,14.17
2025/02/07,14.45,14.5,14.25,14.35,14.28,14.2,14.15
2025/02/10,14.2,14.3,14.05,14.25,14.27,14.23,14.14
2025/02/11,14.35,14.55,14.25,14.25,14.31,14.25,14.13
2025/02/12,14.3,14.7,14.25,14.55,14.38,14.29,14.12
2025/02/13,14.6,16.0,14.45,16.0,14.68,14.48,14.18
2025/02/14,16.5,17.5,15.55,17.15,15.24,14.76,14.32
2025/02/17,17.15,18.7,16.85,18.55,16.1,15.18,14.56
2025/02/18,18.45,19.35,18.1,18.75,17.0,15.65,14.8
2025/02/19,19.0,19.65,18.65,19.2,17.93,16.16,15.1
2025/02/20,19.2,19.25,17.7,18.95,18.52,16.6,15.37
2025/02/21,18.7,19.5,18.3,18.85,18.86,17.05,15.63
2025/02/24,18.65,18.95,18.4,18.85,18.92,17.51,15.87
2025/02/25,18.3,19.5,18.05,19.1,18.99,18.0,16.12
2025/02/26,18.9,19.65,18.55,18.6,18.87,18.4,16.35
2025/02/27,18.7,19.05,18.45,18.7,18.82,18.67,16.58
2025/03/03,18.4,18.95,18.15,18.7,18.79,18.82,16.79
2025/03/04,18.3,18.55,18.15,18.55,18.73,18.82,17.01
2025/03/05,18.5,19.1,18.35,18.8,18.67,18.83,17.24
2025/03/06,18.9,18.95,18.15,18.15,18.58,18.73,17.44
2025/03/07,18.15,18.7,18.05,18.25,18.49,18.66,17.63
2025/03/10,18.95,19.55,18.9,19.0,18.55,18.67,17.86
2025/03/11,18.65,19.15,18.35,19.1,18.66,18.7,18.1
2025/03/12,19.05,21.0,18.8,21.0,19.1,18.88,18.44
2025/03/13,21.4,22.1,20.4,20.7,19.61,19.1,18.75
2025/03/14,21.0,21.15,20.35,20.95,20.15,19.32,19.0
2025/03/17,21.15,21.55,20.3,20.45,20.44,19.49,19.16
2025/03/18,20.65,20.95,20.1,20.35,20.69,19.68,19.25
2025/03/19,20.45,21.1,20.3,20.5,20.59,19.84,19.34
2025/03/20,20.7,21.2,20.55,21.1,20.67,20.14,19.43
2025/03/21,21.1,21.6,20.5,21.05,20.69,20.42,19.54
2025/03/24,20.9,21.0,19.95,19.95,20.59,20.52,19.59
2025/03/25,20.2,20.4,19.2,19.35,20.39,20.54,19.62
2025/03/26,19.55,19.95,19.35,19.45,20.18,20.38,19.63
2025/03/27,19.1,19.85,19.1,19.25,19.81,20.24,19.67
2025/03/28,19.3,19.4,18.5,18.7,19.34,20.02,19.67
2025/03/31,17.8,18.35,17.35,17.55,18.86,19.73,19.61
2025/04/01,17.95,18.2,17.8,18.1,18.61,19.5,19.59
2025/04/02,18.15,18.85,17.8,18.7,18.46,19.32,19.58
2025/04/07,16.85,16.85,16.85,16.85,17.98,18.9,19.52
2025/04/08,15.35,16.05,15.2,15.2,17.28,18.31,19.37
2025/04/09,14.55,14.8,13.7,13.7,16.51,17.68,19.1
2025/04/10,15.05,15.05,15.05,15.05,15.9,17.26,18.9
2025/04/11,14.2,15.45,13.6,15.3,15.22,16.84,18.61
2025/04/14,15.7,16.3,15.7,15.9,15.03,16.51,18.37
2025/04/15,16.25,16.5,16.0,16.3,15.25,16.26,18.14
2025/04/16,16.2,16.2,15.5,15.55,15.62,16.07,17.9
2025/04/17,15.5,15.75,15.2,15.4,15.69,15.79,17.65
2025/04/18,15.45,16.4,15.4,15.9,15.81,15.52,17.42
2025/04/21,15.9,16.05,15.3,15.35,15.7,15.36,17.13
2025/04/22,15.4,16.25,15.25,15.4,15.52,15.38,16.85
2025/04/23,16.1,16.15,15.6,15.6,15.53,15.58,16.63
2025/04/24,15.7,15.85,15.4,15.4,15.53,15.61,16.43
2025/04/25,15.75,15.95,15.6,15.8,15.51,15.66,16.25
2025/04/28,15.9,16.0,15.6,15.7,15.58,15.64,16.07
2025/04/29,15.75,16.0,15.7,15.95,15.69,15.6,15.93
2025/04/30,16.05,16.15,15.7,15.75,15.72,15.62,15.84
2025/05/02,16.0,16.25,15.9,15.95,15.83,15.68,15.74
2025/05/05,16.1,16.1,15.25,15.45,15.76,15.64,15.58
2025/05/06,15.3,15.8,15.25,15.7,15.76,15.67,15.52
2025/05/07,15.75,15.8,15.45,15.55,15.68,15.68,15.54
2025/05/08,15.85,16.2,15.6,15.6,15.65,15.68,15.63
2025/05/09,15.8,15.85,15.4,15.55,15.57,15.7,15.65
2025/05/12,15.8,16.65,15.75,16.55,15.79,15.78,15.72
2025/05/13,17.1,18.2,16.8,17.9,16.23,16.0,15.82
2025/05/14,17.85,18.35,17.7,18.15,16.75,16.22,15.91
2025/05/15,18.45,18.9,17.9,18.1,17.25,16.45,16.04
2025/05/16,18.1,18.2,17.8,17.95,17.73,16.65,16.16
2025/05/19,17.95,18.15,17.7,17.75,17.97,16.88,16.26
2025/05/20,18.15,18.8,17.95,18.55,18.1,17.16,16.42
2025/05/21,18.6,18.7,18.1,18.15,18.1,17.42,16.56
2025/05/22,18.1,18.15,17.7,17.85,18.05,17.65,16.67
2025/05/23,17.95,18.1,17.75,17.75,18.01,17.87,16.78
2025/05/26,17.75,17.8,17.3,17.45,17.95,17.96,16.87
2025/05/27,17.45,17.65,17.2,17.35,17.71,17.9,16.95
2025/05/28,17.8,18.05,17.3,17.4,17.56,17.83,17.02
2025/05/29,17.6,17.9,17.4,17.7,17.53,17.79,17.12
2025/06/02,17.5,17.55,16.85,16.9,17.36,17.68,17.17
2025/06/03,17.1,17.2,16.7,16.7,17.21,17.58,17.23
2025/06/04,17.0,18.0,16.95,17.65,17.27,17.49,17.33
2025/06/05,17.85,18.6,17.7,18.1,17.41,17.48,17.45
2025/06/06,18.1,18.4,18.0,18.35,17.54,17.54,17.59
2025/06/09,18.45,18.8,18.3,18.4,17.84,17.6,17.74
2025/06/10,18.6,19.3,18.45,18.8,18.26,17.74,17.85
2025/06/11,19.1,19.25,18.65,18.8,18.49,17.88,17.89
2025/06/12,18.8,18.9,18.6,18.8,18.63,18.02,17.92
2025/06/13,18.7,18.7,18.2,18.45,18.65,18.1,17.94
2025/06/16,18.5,18.65,18.15,18.4,18.65,18.24,17.96
2025/06/17,18.55,19.0,18.55,18.75,18.64,18.45,18.01
2025/06/18,18.9,19.85,18.85,19.65,18.81,18.65,18.07
2025/06/19,20.0,20.3,19.15,19.6,18.97,18.8,18.14
2025/06/20,19.6,19.75,18.8,18.95,19.07,18.86,18.2
2025/06/23,18.55,19.65,18.5,19.6,19.31,18.98,18.29
2025/06/24,20.1,21.25,19.85,20.05,19.57,19.1,18.42
2025/06/25,20.2,21.0,20.05,20.25,19.69,19.25,18.57
2025/06/26,20.75,21.5,20.5,20.85,19.94,19.46,18.74
2025/06/27,21.2,21.7,20.7,21.15,20.38,19.73,18.91
2025/06/30,21.25,21.3,20.15,20.15,20.49,19.9,19.07
2025/07/01,20.15,20.45,19.8,19.85,20.45,20.01,19.23
2025/07/02,19.9,20.1,19.5,19.55,20.31,20.0,19.32
2025/07/03,19.55,19.85,19.5,19.75,20.09,20.02,19.41
2025/07/04,19.9,19.9,18.95,19.15,19.69,20.04,19.45
2025/07/07,19.05,19.3,18.85,19.1,19.48,19.98,19.48
2025/07/08,19.1,19.3,18.8,18.9,19.29,19.87,19.49
2025/07/09,18.85,19.15,18.8,18.95,19.17,19.74,19.49
2025/07/10,19.0,19.0,18.4,18.5,18.92,19.5,19.48
2025/07/11,18.4,18.6,18.0,18.45,18.78,19.24,19.48
2025/07/14,18.4,18.55,18.2,18.25,18.61,19.04,19.47
2025/07/15,18.3,18.4,17.7,17.9,18.41,18.85,19.43
2025/07/16,18.15,18.15,17.6,17.65,18.15,18.66,19.33
2025/07/17,17.65,18.1,17.55,17.9,18.03,18.48,19.24
2025/07/18,18.0,18.05,17.65,17.65,17.87,18.32,19.18
2025/07/21,17.7,17.75,17.4,17.4,17.7,18.15,19.07
2025/07/22,17.45,17.65,17.15,17.15,17.55,17.98,18.92
2025/07/23,17.25,17.75,17.25,17.6,17.54,17.84,18.79
2025/07/24,17.7,17.75,17.15,17.35,17.43,17.73,18.62
2025/07/25,17.35,17.6,17.3,17.45,17.39,17.63,18.43
2025/07/28,17.5,17.75,17.35,17.5,17.41,17.56,18.3
2025/07/29,17.7,18.0,17.4,17.4,17.46,17.51,18.18
2025/07/30,17.4,17.9,17.25,17.85,17.51,17.52,18.09
2025/07/31,17.7,17.8,17.35,17.35,17.51,17.47,17.97
2025/08/01,17.25,17.8,16.85,17.6,17.54,17.46,17.9
2025/08/04,17.4,17.45,17.1,17.35,17.51,17.46,17.81
2025/08/05,17.55,17.95,17.45,17.6,17.55,17.51,17.74
2025/08/06,17.5,17.55,17.05,17.05,17.39,17.45,17.65
2025/08/07,17.15,17.25,16.5,16.5,17.22,17.36,17.55
2025/08/08,16.75,18.05,16.75,17.45,17.19,17.37,17.5
2025/08/11,17.6,17.65,17.35,17.4,17.2,17.36,17.46
2025/08/12,17.7,18.6,17.7,18.45,17.37,17.46,17.48
2025/08/13,18.75,18.85,18.1,18.1,17.58,17.48,17.51
2025/08/14,18.15,18.4,18.0,18.0,17.88,17.55,17.51
2025/08/15,18.1,18.45,17.75,18.4,18.07,17.63,17.55
2025/08/18,18.55,19.35,18.15,19.1,18.41,17.8,17.63
2025/08/19,19.15,19.25,18.55,18.6,18.44,17.9,17.71
2025/08/20,18.45,18.6,17.95,18.0,18.42,18.0,17.73
2025/08/21,18.1,18.5,18.05,18.4,18.5,18.19,17.78
2025/08/22,18.3,18.45,18.05,18.2,18.46,18.26,17.82
2025/08/25,18.45,18.75,18.4,18.4,18.32,18.36,17.86
2025/08/26,18.45,18.9,18.3,18.75,18.35,18.4,17.93
2025/08/27,19.05,20.0,19.0,19.8,18.71,18.57,18.02
2025/08/28,19.9,20.05,19.6,19.6,18.95,18.73,18.14
2025/08/29,19.8,20.55,19.7,19.7,19.25,18.86,18.24
2025/09/01,19.7,20.35,19.6,20.3,19.63,18.98,18.39
2025/09/02,20.5,20.65,19.8,19.95,19.87,19.11,18.51
2025/09/03,19.95,20.55,19.9,20.1,19.93,19.32,18.66
2025/09/04,20.4,20.8,20.3,20.5,20.11,19.53,18.86
2025/09/05,20.65,22.55,20.6,22.55,20.68,19.96,19.11
2025/09/08,24.65,24.8,22.75,24.6,21.54,20.58,19.48
2025/09/09,24.4,24.9,23.7,24.55,22.46,21.16,19.78
2025/09/10,24.85,25.7,24.5,24.95,23.43,21.68,20.12
2025/09/11,25.7,26.6,24.7,25.0,24.33,22.22,20.47
2025/09/12,26.15,26.55,24.9,25.45,24.91,22.8,20.82
2025/09/15,26.95,27.1,25.7,26.8,25.35,23.44,21.21
2025/09/16,26.5,28.9,25.75,27.95,26.03,24.24,21.68
2025/09/17,28.1,29.8,27.3,29.4,26.92,25.18,22.25
2025/09/18,30.25,32.3,30.25,32.3,28.38,26.36,22.94
2025/09/19,34.0,34.3,32.5,33.5,29.99,27.45,23.71
2025/09/22,33.8,35.3,33.4,34.25,31.48,28.42,24.5
2025/09/23,35.0,36.85,34.9,36.45,33.18,29.6,25.38
2025/09/24,36.0,36.05,34.3,35.2,34.34,30.63,26.16
2025/09/25,34.2,35.7,33.2,33.4,34.56,31.47,26.84
2025/09/26,32.95,33.2,31.2,31.4,34.14,32.06,27.43
2025/09/30,34.0,34.15,32.95,34.05,34.1,32.79,28.12
2025/10/01,33.4,35.2,33.2,33.8,33.57,33.38,28.81
2025/10/02,36.0,36.5,35.05,36.0,33.73,34.04,29.6
2025/10/03,35.8,39.25,35.35,38.8,34.81,34.68,30.52
2025/10/07,40.75,42.65,40.75,42.65,37.06,35.6,31.52
2025/10/08,41.95,42.15,39.35,41.25,38.5,36.3,32.36
2025/10/09,42.9,44.35,41.7,43.45,40.43,37.0,33.3
2025/10/13,40.35,43.8,40.35,43.0,41.83,37.78,34.2
2025/10/14,44.9,45.55,40.15,40.7,42.21,38.51,34.99
2025/10/15,41.45,41.65,39.3,40.0,41.68,39.37,35.72
2025/10/16,41.1,44.0,41.1,44.0,42.23,40.36,36.58
2025/10/17,44.0,44.95,43.55,43.95,42.33,41.38,37.38
2025/10/20,45.6,48.0,44.05,46.35,43.0,42.42,38.22
2025/10/21,45.7,45.75,44.6,44.6,43.78,43.0,38.84
2025/10/22,43.7,45.45,43.7,45.45,44.87,43.28,39.44
2025/10/23,44.95,46.5,44.7,46.3,45.33,43.78,40.04
2025/10/27,50.9,50.9,50.2,50.9,46.72,44.52,40.76
2025/10/28,50.9,54.5,50.9,54.0,48.25,45.62,41.7
2025/10/29,54.4,54.5,51.9,54.0,50.13,46.96,42.73
2025/10/30,55.7,57.0,53.4,55.2,52.08,48.48,43.92
2025/10/31,55.2,55.2,53.5,54.2,53.66,49.5,44.93
2025/11/03,55.5,57.5,55.1,56.6,54.8,50.76,46.07
2025/11/04,56.8,56.8,53.0,53.3,54.66,51.46,46.94
2025/11/05,48.6,56.0,48.6,56.0,55.06,52.6,47.8
2025/11/06,58.6,59.0,58.0,59.0,55.82,53.95,48.61
2025/11/07,58.5,59.2,57.6,58.1,56.6,55.13,49.46
2025/11/10,61.4,63.9,60.8,63.9,58.06,56.43,50.48
2025/11/11,64.9,66.1,64.5,64.5,60.3,57.48,51.55
2025/11/12,63.1,65.9,63.0,64.8,62.06,58.56,52.76
2025/11/13,66.0,69.1,61.7,64.2,63.1,59.46,53.97
2025/11/14,60.0,62.2,59.1,60.3,63.54,60.07,54.78
2025/11/17,66.3,66.3,65.1,66.2,64.0,61.03,55.9
2025/11/18,66.5,66.7,59.6,61.4,63.38,61.84,56.65
2025/11/19,59.5,61.4,58.1,59.4,62.3,62.18,57.39
2025/11/20,63.4,63.9,53.5,58.0,61.06,62.08,58.02
2025/11/21,52.2,53.2,52.2,52.2,59.44,61.49,58.31
2025/11/24,53.0,55.5,52.3,54.6,57.12,60.56,58.5
2025/11/25,59.1,59.4,55.9,57.5,56.34,59.86,58.67
2025/11/26,57.0,57.8,52.7,53.6,55.18,58.74,58.65
2025/11/27,55.2,57.0,54.7,56.9,54.96,58.01,58.74
2025/11/28,57.3,59.5,55.8,58.0,56.12,57.78,58.92
2025/12/01,57.9,59.0,56.3,57.6,56.72,56.92,58.98
2025/12/02,58.9,58.9,56.1,56.6,56.54,56.44,59.14
2025/12/03,57.3,58.5,55.5,55.8,56.98,56.08,59.13
2025/12/04,55.0,58.9,53.7,57.8,57.16,56.06,59.07
