ら戳,}L基,程蔼基,程C基,ΜL基,MA5,MA10,MA20,ら戳_str
2021-01-04,20.2,21.45,19.7,21.45,21.45,21.45,21.45,2021/01/04
2021-01-05,21.3,21.65,20.05,20.6,21.02,21.02,21.02,2021/01/05
2021-01-06,20.95,21.35,19.4,19.45,20.5,20.5,20.5,2021/01/06
2021-01-07,19.5,19.85,18.8,18.85,20.09,20.09,20.09,2021/01/07
2021-01-08,18.85,19.05,17.95,18.3,19.73,19.73,19.73,2021/01/08
2021-01-11,18.45,18.55,18.05,18.3,19.1,19.49,19.49,2021/01/11
2021-01-12,18.15,18.2,17.2,17.45,18.47,19.2,19.2,2021/01/12
2021-01-13,17.65,18.8,17.65,18.55,18.29,19.12,19.12,2021/01/13
2021-01-14,18.1,18.2,17.7,18.1,18.14,19.01,19.01,2021/01/14
2021-01-15,18.1,18.1,17.3,17.65,18.01,18.87,18.87,2021/01/15
2021-01-18,17.65,17.95,16.9,17.25,17.8,18.45,18.72,2021/01/18
2021-01-19,17.6,18.2,17.5,17.6,17.83,18.15,18.63,2021/01/19
2021-01-20,17.6,17.7,16.5,16.7,17.46,17.88,18.48,2021/01/20
2021-01-21,16.75,17.0,16.25,16.8,17.2,17.67,18.36,2021/01/21
2021-01-22,16.85,17.45,16.5,17.3,17.13,17.57,18.29,2021/01/22
2021-01-25,17.2,17.95,16.5,17.8,17.24,17.52,18.26,2021/01/25
2021-01-26,17.6,17.65,16.9,17.0,17.12,17.48,18.19,2021/01/26
2021-01-27,17.1,17.4,16.65,16.75,17.13,17.29,18.11,2021/01/27
2021-01-28,16.25,16.7,16.1,16.2,17.01,17.1,18.01,2021/01/28
2021-01-29,16.4,16.45,15.8,15.95,16.74,16.93,17.9,2021/01/29
2021-02-01,16.3,16.7,16.0,16.2,16.42,16.83,17.64,2021/02/01
2021-02-02,16.2,16.9,16.05,16.75,16.37,16.74,17.45,2021/02/02
2021-02-03,16.9,17.05,16.5,16.9,16.4,16.76,17.32,2021/02/03
2021-02-04,16.9,17.05,16.7,16.95,16.55,16.78,17.23,2021/02/04
2021-02-05,17.05,17.3,16.9,16.95,16.75,16.74,17.16,2021/02/05
2021-02-17,17.05,17.9,17.0,17.8,17.07,16.74,17.13,2021/02/17
2021-02-18,17.8,18.6,17.6,18.2,17.36,16.87,17.17,2021/02/18
2021-02-19,18.05,18.8,17.9,18.35,17.65,17.02,17.16,2021/02/19
2021-02-22,18.55,18.85,18.35,18.75,18.01,17.28,17.19,2021/02/22
2021-02-23,18.75,20.2,18.7,19.45,18.51,17.63,17.28,2021/02/23
2021-02-24,19.65,20.1,19.15,19.55,18.86,17.96,17.4,2021/02/24
2021-02-25,19.95,20.2,19.6,19.75,19.17,18.26,17.5,2021/02/25
2021-02-26,19.4,20.2,19.4,20.0,19.5,18.58,17.67,2021/02/26
2021-03-02,20.45,21.0,19.05,19.2,19.59,18.8,17.79,2021/03/02
2021-03-03,19.25,20.6,19.2,20.3,19.76,19.13,17.94,2021/03/03
2021-03-04,19.95,20.9,19.75,20.0,19.85,19.36,18.05,2021/03/04
2021-03-05,19.8,20.45,19.5,19.55,19.81,19.49,18.18,2021/03/05
2021-03-08,19.95,20.5,19.5,19.8,19.77,19.63,18.33,2021/03/08
2021-03-09,20.0,20.3,19.75,20.2,19.97,19.78,18.53,2021/03/09
2021-03-10,20.05,20.3,19.6,19.8,19.87,19.82,18.72,2021/03/10
2021-03-11,19.85,20.05,19.75,19.85,19.84,19.84,18.9,2021/03/11
2021-03-12,20.05,20.6,19.8,20.45,20.02,19.92,19.09,2021/03/12
2021-03-15,20.45,20.55,19.6,19.85,20.03,19.9,19.24,2021/03/15
2021-03-16,20.05,20.05,19.3,19.3,19.85,19.91,19.35,2021/03/16
2021-03-17,19.25,19.55,19.1,19.2,19.73,19.8,19.47,2021/03/17
2021-03-18,19.45,19.6,19.1,19.6,19.68,19.76,19.56,2021/03/18
2021-03-19,19.4,19.45,19.1,19.15,19.42,19.72,19.6,2021/03/19
2021-03-22,19.2,19.65,19.1,19.5,19.35,19.69,19.66,2021/03/22
2021-03-23,19.5,19.5,19.15,19.15,19.32,19.58,19.68,2021/03/23
2021-03-24,19.15,19.3,18.9,19.05,19.29,19.51,19.66,2021/03/24
2021-03-25,19.1,19.6,19.1,19.15,19.2,19.44,19.64,2021/03/25
2021-03-26,19.2,19.45,19.15,19.35,19.24,19.33,19.62,2021/03/26
2021-03-29,19.55,19.85,19.45,19.65,19.27,19.31,19.6,2021/03/29
2021-03-30,19.9,20.2,19.55,19.8,19.4,19.36,19.63,2021/03/30
2021-03-31,20.0,20.2,19.9,19.9,19.57,19.43,19.62,2021/03/31
2021-04-01,20.1,20.7,19.95,20.4,19.82,19.51,19.64,2021/04/01
2021-04-06,21.0,22.4,20.65,22.4,20.43,19.84,19.78,2021/04/06
2021-04-07,22.6,23.25,21.65,21.8,20.86,20.07,19.88,2021/04/07
2021-04-08,21.8,22.3,21.2,21.9,21.28,20.34,19.96,2021/04/08
2021-04-09,22.15,22.2,21.3,21.6,21.62,20.6,20.05,2021/04/09
2021-04-12,22.3,22.9,21.8,22.3,22.0,20.91,20.18,2021/04/12
2021-04-13,22.6,23.9,22.0,22.35,21.99,21.21,20.27,2021/04/13
2021-04-14,22.5,23.25,21.65,23.1,22.25,21.56,20.43,2021/04/14
2021-04-15,23.45,24.0,22.55,23.15,22.5,21.89,20.62,2021/04/15
2021-04-16,23.6,25.0,23.4,24.85,23.15,22.38,20.91,2021/04/16
2021-04-19,25.3,26.9,24.8,26.3,23.95,22.98,21.24,2021/04/19
2021-04-20,26.1,26.15,25.0,25.8,24.64,23.32,21.58,2021/04/20
2021-04-21,25.75,28.35,25.55,28.35,25.69,23.97,22.02,2021/04/21
2021-04-22,28.8,30.85,27.1,28.1,26.68,24.59,22.46,2021/04/22
2021-04-23,28.2,29.15,27.0,28.0,27.31,25.23,22.91,2021/04/23
2021-04-26,28.2,29.75,27.7,28.8,27.81,25.88,23.4,2021/04/26
2021-04-27,29.0,30.95,28.8,29.9,28.63,26.64,23.92,2021/04/27
2021-04-28,30.8,32.85,30.6,32.85,29.53,27.61,24.58,2021/04/28
2021-04-29,34.45,35.65,32.1,33.85,30.68,28.68,25.28,2021/04/29
2021-05-03,34.25,36.75,34.15,34.45,31.97,29.64,26.01,2021/05/03
2021-05-04,34.6,35.35,31.05,31.05,32.42,30.12,26.54,2021/05/04
2021-05-05,31.05,33.25,28.9,31.6,32.76,30.7,27.01,2021/05/05
2021-05-06,32.35,34.75,32.2,34.75,33.14,31.34,27.65,2021/05/06
2021-05-07,35.5,35.95,31.5,33.6,33.09,31.88,28.24,2021/05/07
2021-05-10,34.8,36.95,33.9,36.95,33.59,32.78,29.01,2021/05/10
2021-05-11,36.95,40.6,35.7,39.25,35.23,33.83,29.85,2021/05/11
2021-05-12,40.0,40.5,35.35,35.35,35.98,34.37,30.5,2021/05/12
2021-05-13,31.85,35.0,31.85,31.85,35.4,34.27,30.94,2021/05/13
2021-05-14,32.7,33.45,28.7,28.7,34.42,33.76,31.22,2021/05/14
2021-05-17,25.85,28.1,25.85,25.85,32.2,32.9,31.27,2021/05/17
2021-05-18,27.0,28.4,26.25,28.4,30.03,32.63,31.37,2021/05/18
2021-05-19,28.4,30.65,28.2,29.5,28.86,32.42,31.56,2021/05/19
2021-05-20,28.5,29.35,26.9,27.8,28.05,31.72,31.53,2021/05/20
2021-05-21,28.9,30.0,27.8,29.65,28.24,31.33,31.61,2021/05/21
2021-05-24,29.0,31.2,28.95,29.55,28.98,30.59,31.68,2021/05/24
2021-05-25,30.0,31.0,29.5,30.45,29.39,29.71,31.77,2021/05/25
2021-05-26,30.45,30.8,29.65,30.4,29.57,29.22,31.79,2021/05/26
2021-05-27,30.4,31.2,29.5,29.5,29.91,28.98,31.62,2021/05/27
2021-05-28,30.35,32.45,30.0,32.45,30.47,29.36,31.56,2021/05/28
2021-05-31,34.0,35.25,32.75,32.9,31.14,30.06,31.48,2021/05/31
2021-06-01,33.0,34.8,32.75,33.75,31.8,30.6,31.61,2021/06/01
2021-06-02,34.5,36.35,33.8,35.3,32.78,31.18,31.8,2021/06/02
2021-06-03,36.4,37.95,36.0,36.4,34.16,32.03,31.88,2021/06/03
2021-06-04,36.5,37.75,35.6,36.75,35.02,32.74,32.04,2021/06/04
2021-06-07,37.2,38.0,33.35,35.5,35.54,33.34,31.97,2021/06/07
2021-06-08,35.95,36.45,35.0,35.3,35.85,33.83,31.77,2021/06/08
2021-06-09,35.65,35.85,33.8,34.45,35.68,34.23,31.72,2021/06/09
2021-06-10,34.85,35.15,32.5,34.25,35.25,34.7,31.84,2021/06/10
2021-06-11,34.8,34.9,33.5,33.5,34.6,34.81,32.08,2021/06/11
2021-06-15,34.0,34.35,33.0,34.2,34.34,34.94,32.5,2021/06/15
2021-06-16,34.15,34.45,33.05,33.15,33.91,34.88,32.74,2021/06/16
2021-06-17,32.9,33.8,32.5,33.35,33.69,34.68,32.93,2021/06/17
2021-06-18,33.55,33.8,32.5,32.5,33.34,34.3,33.16,2021/06/18
2021-06-21,31.5,31.9,30.2,30.8,32.8,33.7,33.22,2021/06/21
2021-06-22,31.85,33.5,31.65,32.2,32.4,33.37,33.35,2021/06/22
2021-06-23,33.05,33.4,31.7,33.05,32.38,33.15,33.48,2021/06/23
2021-06-24,33.3,34.5,32.7,33.1,32.33,33.01,33.62,2021/06/24
2021-06-25,33.7,34.6,33.3,34.55,32.74,33.04,33.87,2021/06/25
2021-06-28,35.65,35.65,33.65,35.2,33.62,33.21,34.01,2021/06/28
2021-06-29,34.8,35.15,33.8,34.0,33.98,33.19,34.07,2021/06/29
2021-06-30,34.5,37.4,34.45,37.4,34.85,33.61,34.25,2021/06/30
2021-07-01,38.5,40.6,37.6,37.7,35.77,34.05,34.37,2021/07/01
2021-07-02,38.5,40.0,36.3,37.35,36.33,34.53,34.42,2021/07/02
2021-07-05,38.05,38.3,36.0,36.6,36.61,35.12,34.41,2021/07/05
2021-07-06,37.25,40.25,37.2,40.25,37.86,35.92,34.64,2021/07/06
2021-07-07,40.25,41.4,39.0,40.3,38.44,36.64,34.89,2021/07/07
2021-07-08,41.5,44.3,40.5,43.1,39.52,37.64,35.33,2021/07/08
2021-07-09,40.75,41.5,39.1,39.2,39.89,38.11,35.58,2021/07/09
2021-07-12,40.85,41.95,40.2,40.45,40.66,38.64,35.92,2021/07/12
2021-07-13,41.8,42.95,40.2,40.9,40.79,39.33,36.26,2021/07/13
2021-07-14,42.0,44.9,41.6,43.4,41.41,39.93,36.77,2021/07/14
2021-07-15,43.9,44.2,41.9,43.2,41.43,40.48,37.26,2021/07/15
2021-07-16,43.0,47.1,42.5,46.0,42.79,41.34,37.94,2021/07/16
2021-07-19,46.35,47.9,45.5,45.8,43.86,42.26,38.69,2021/07/19
2021-07-20,44.2,45.5,42.35,43.35,44.35,42.57,39.25,2021/07/20
2021-07-21,44.8,45.85,43.05,44.0,44.47,42.94,39.79,2021/07/21
2021-07-22,44.6,44.7,40.95,41.2,44.07,42.75,40.2,2021/07/22
2021-07-23,41.8,42.85,41.15,42.15,43.3,43.04,40.58,2021/07/23
2021-07-26,41.95,41.95,40.0,40.5,42.24,43.05,40.84,2021/07/26
2021-07-27,40.0,40.3,38.2,38.3,41.23,42.79,41.06,2021/07/27
2021-07-28,38.95,39.2,36.0,37.2,39.87,42.17,41.05,2021/07/28
2021-07-29,38.0,39.7,37.65,39.5,39.53,41.8,41.14,2021/07/29
2021-07-30,39.2,39.7,38.0,38.1,38.72,41.01,41.18,2021/07/30
2021-08-02,38.35,39.4,37.8,39.3,38.48,40.36,41.31,2021/08/02
2021-08-03,39.05,39.3,38.35,39.15,38.65,39.94,41.26,2021/08/03
2021-08-04,39.3,39.7,38.6,39.3,39.07,39.47,41.2,2021/08/04
2021-08-05,38.9,39.1,37.9,38.15,38.8,39.17,40.96,2021/08/05
2021-08-06,38.2,39.7,37.85,38.55,38.89,38.8,40.92,2021/08/06
2021-08-09,38.75,39.85,38.35,39.15,38.86,38.67,40.86,2021/08/09
2021-08-10,39.1,39.9,37.5,37.7,38.57,38.61,40.7,2021/08/10
2021-08-11,38.0,38.25,36.05,37.2,38.15,38.61,40.39,2021/08/11
2021-08-12,37.5,37.5,36.65,37.25,37.97,38.38,40.09,2021/08/12
2021-08-13,37.05,37.1,34.45,34.45,37.15,38.02,39.52,2021/08/13
2021-08-16,34.75,35.5,33.9,34.95,36.31,37.58,38.97,2021/08/16
2021-08-17,35.35,35.35,32.4,32.45,35.26,36.92,38.43,2021/08/17
2021-08-18,32.3,34.4,31.45,34.4,34.7,36.42,37.95,2021/08/18
2021-08-19,34.0,34.0,31.35,31.55,33.56,35.76,37.47,2021/08/19
2021-08-20,32.0,32.85,31.4,32.35,33.14,35.15,36.98,2021/08/20
2021-08-23,33.1,34.85,33.05,34.55,33.06,34.68,36.68,2021/08/23
2021-08-24,35.0,35.25,33.65,34.7,33.51,34.39,36.5,2021/08/24
2021-08-25,33.95,35.15,33.95,34.95,33.62,34.16,36.39,2021/08/25
2021-08-26,35.1,35.9,34.5,35.05,34.32,33.94,36.16,2021/08/26
2021-08-27,34.8,36.35,34.4,35.8,35.01,34.08,36.05,2021/08/27
2021-08-30,35.9,37.8,35.9,37.65,35.63,34.34,35.96,2021/08/30
2021-08-31,37.05,37.15,36.0,36.05,35.9,34.7,35.81,2021/08/31
2021-09-01,36.0,36.95,35.75,35.9,36.09,34.85,35.64,2021/09/01
2021-09-02,35.95,36.35,34.65,35.25,36.13,35.22,35.5,2021/09/02
2021-09-03,35.8,36.35,35.4,35.8,36.13,35.57,35.36,2021/09/03
2021-09-06,35.9,36.2,34.0,34.0,35.4,35.52,35.1,2021/09/06
2021-09-07,34.35,34.9,34.0,34.2,35.03,35.46,34.92,2021/09/07
2021-09-08,34.5,35.0,33.85,34.15,34.68,35.39,34.77,2021/09/08
2021-09-09,34.2,34.3,33.0,33.35,34.3,35.21,34.58,2021/09/09
2021-09-10,33.35,34.0,33.25,33.6,33.86,34.99,34.53,2021/09/10
2021-09-13,33.65,33.95,33.2,33.35,33.73,34.56,34.46,2021/09/13
2021-09-14,33.45,33.6,32.2,32.45,33.38,34.2,34.46,2021/09/14
2021-09-15,32.25,33.0,32.05,33.0,33.15,33.92,34.39,2021/09/15
2021-09-16,33.15,33.35,32.25,32.35,32.95,33.62,34.42,2021/09/16
2021-09-17,32.1,32.45,31.65,31.65,32.56,33.21,34.39,2021/09/17
2021-09-22,30.5,31.2,29.8,30.45,31.98,32.86,34.18,2021/09/22
2021-09-23,31.05,31.5,30.65,31.05,31.7,32.54,34.0,2021/09/23
2021-09-24,31.4,31.65,30.35,30.4,31.18,32.16,33.78,2021/09/24
2021-09-27,30.65,31.35,30.4,30.9,30.89,31.92,33.57,2021/09/27
2021-09-28,30.6,30.65,29.6,29.9,30.54,31.55,33.27,2021/09/28
2021-09-29,29.0,30.25,28.95,29.7,30.39,31.18,32.88,2021/09/29
2021-09-30,29.7,29.95,29.3,29.6,30.1,30.9,32.55,2021/09/30
2021-10-01,29.4,29.4,27.85,27.9,29.6,30.39,32.15,2021/10/01
2021-10-04,28.5,28.8,27.2,27.25,28.87,29.88,31.75,2021/10/04
2021-10-05,27.3,28.05,26.75,27.9,28.47,29.5,31.36,2021/10/05
2021-10-06,28.2,28.25,26.6,26.95,27.92,29.16,31.01,2021/10/06
2021-10-07,27.05,28.05,26.9,27.75,27.55,28.82,30.68,2021/10/07
2021-10-08,27.8,28.45,27.2,27.5,27.47,28.54,30.35,2021/10/08
2021-10-12,27.35,27.35,26.4,27.1,27.44,28.16,30.04,2021/10/12
2021-10-13,27.3,27.55,26.3,26.4,27.14,27.8,29.68,2021/10/13
2021-10-14,26.7,27.55,26.5,27.25,27.2,27.56,29.37,2021/10/14
2021-10-15,27.7,28.15,27.25,27.75,27.2,27.38,29.14,2021/10/15
2021-10-18,27.85,27.9,26.8,27.6,27.22,27.34,28.87,2021/10/18
2021-10-19,28.0,28.7,27.85,28.35,27.47,27.46,28.67,2021/10/19
2021-10-20,28.35,28.5,27.9,28.35,27.86,27.5,28.5,2021/10/20
2021-10-21,28.15,28.8,28.15,28.55,28.12,27.66,28.41,2021/10/21
2021-10-22,28.5,28.5,27.1,27.2,28.01,27.6,28.21,2021/10/22
2021-10-25,27.0,28.3,27.0,28.1,28.11,27.67,28.1,2021/10/25
2021-10-26,28.15,28.8,27.8,27.95,28.03,27.75,27.95,2021/10/26
2021-10-27,27.75,28.15,27.5,27.7,27.9,27.88,27.84,2021/10/27
2021-10-28,27.5,27.65,27.15,27.5,27.69,27.9,27.73,2021/10/28
2021-10-29,27.55,27.95,27.2,27.3,27.71,27.86,27.62,2021/10/29
2021-11-01,27.4,28.15,27.3,27.85,27.66,27.88,27.62,2021/11/01
2021-11-02,28.1,28.5,27.4,27.4,27.55,27.79,27.62,2021/11/02
2021-11-03,27.75,27.9,27.25,27.65,27.54,27.72,27.61,2021/11/03
2021-11-04,27.95,28.35,27.45,27.45,27.53,27.61,27.64,2021/11/04
2021-11-05,27.7,27.9,27.4,27.75,27.62,27.66,27.64,2021/11/05
2021-11-08,27.95,28.75,27.8,28.65,27.78,27.72,27.69,2021/11/08
2021-11-09,28.8,28.8,27.4,27.75,27.85,27.7,27.72,2021/11/09
2021-11-10,27.65,28.5,27.55,27.8,27.88,27.71,27.8,2021/11/10
2021-11-11,27.8,30.4,27.45,29.05,28.2,27.86,27.88,2021/11/11
2021-11-12,29.1,29.25,27.6,27.8,28.21,27.92,27.89,2021/11/12
2021-11-15,28.1,28.1,27.5,27.5,27.98,27.88,27.88,2021/11/15
2021-11-16,27.5,28.0,27.0,27.05,27.84,27.84,27.82,2021/11/16
2021-11-17,27.1,27.25,26.8,26.9,27.66,27.77,27.74,2021/11/17
2021-11-18,27.1,27.7,27.05,27.05,27.26,27.73,27.67,2021/11/18
2021-11-19,27.1,27.3,26.45,26.5,27.0,27.6,27.64,2021/11/19
2021-11-22,26.7,27.5,26.65,27.35,26.97,27.48,27.6,2021/11/22
2021-11-23,27.35,27.55,26.9,26.95,26.95,27.4,27.55,2021/11/23
2021-11-24,26.95,27.3,26.65,27.0,26.97,27.32,27.51,2021/11/24
2021-11-25,27.3,27.3,26.55,26.6,26.88,27.07,27.47,2021/11/25
2021-11-26,26.6,26.8,26.35,26.4,26.86,26.93,27.42,2021/11/26
2021-11-29,26.0,26.5,25.25,26.05,26.6,26.79,27.33,2021/11/29
2021-11-30,26.4,26.9,26.4,26.7,26.55,26.75,27.3,2021/11/30
2021-12-01,26.4,26.9,26.25,26.85,26.52,26.74,27.26,2021/12/01
2021-12-02,26.7,26.7,26.35,26.35,26.47,26.68,27.2,2021/12/02
2021-12-03,26.5,27.1,26.45,26.55,26.5,26.68,27.14,2021/12/03
2021-12-06,26.6,27.1,26.5,26.9,26.67,26.64,27.05,2021/12/06
2021-12-07,27.1,27.3,26.85,26.95,26.72,26.64,27.01,2021/12/07
2021-12-08,27.2,27.45,26.9,26.9,26.73,26.62,26.97,2021/12/08
2021-12-09,27.1,27.2,26.9,26.9,26.84,26.66,26.86,2021/12/09
2021-12-10,26.8,26.85,26.15,26.15,26.76,26.63,26.78,2021/12/10
2021-12-13,26.2,26.25,26.0,26.05,26.59,26.63,26.71,2021/12/13
2021-12-14,26.05,26.45,25.55,25.6,26.32,26.52,26.64,2021/12/14
2021-12-15,25.7,25.75,25.5,25.55,26.05,26.39,26.57,2021/12/15
2021-12-16,25.75,25.85,25.3,25.5,25.77,26.3,26.49,2021/12/16
2021-12-17,25.5,26.25,25.5,25.8,25.7,26.23,26.46,2021/12/17
2021-12-20,25.8,26.45,25.65,26.0,25.69,26.14,26.39,2021/12/20
2021-12-21,26.3,26.3,25.5,26.1,25.79,26.06,26.34,2021/12/21
2021-12-22,26.35,26.75,26.2,26.4,25.96,26.01,26.32,2021/12/22
2021-12-23,26.5,26.95,26.4,26.55,26.17,25.97,26.31,2021/12/23
2021-12-24,26.8,26.85,26.5,26.6,26.33,26.02,26.32,2021/12/24
2021-12-27,26.85,26.9,26.65,26.75,26.48,26.08,26.36,2021/12/27
2021-12-28,26.9,27.05,26.7,26.75,26.61,26.2,26.36,2021/12/28
2021-12-29,26.85,27.0,26.55,26.75,26.68,26.32,26.36,2021/12/29
2021-12-30,27.0,27.0,26.75,26.75,26.72,26.44,26.38,2021/12/30
2022-01-03,27.0,27.0,26.55,26.6,26.72,26.52,26.38,2022/01/03
2022-01-04,26.75,26.8,26.1,26.2,26.61,26.54,26.34,2022/01/04
2022-01-05,26.0,26.25,25.9,26.05,26.47,26.54,26.3,2022/01/05
2022-01-06,26.5,26.5,25.75,25.9,26.3,26.49,26.25,2022/01/06
2022-01-07,26.0,26.0,25.4,25.5,26.05,26.38,26.18,2022/01/07
2022-01-10,25.6,25.95,25.4,25.8,25.89,26.3,26.16,2022/01/10
2022-01-11,25.9,26.0,25.6,25.65,25.78,26.2,26.14,2022/01/11
2022-01-12,25.9,25.9,25.1,25.2,25.61,26.04,26.12,2022/01/12
2022-01-13,25.25,25.7,25.2,25.4,25.51,25.9,26.11,2022/01/13
2022-01-14,25.5,25.55,24.6,24.9,25.39,25.72,26.08,2022/01/14
2022-01-17,24.85,25.0,24.3,25.0,25.23,25.56,26.04,2022/01/17
2022-01-18,25.0,25.4,24.65,24.65,25.03,25.4,25.98,2022/01/18
2022-01-19,24.6,25.4,24.55,25.2,25.03,25.32,25.93,2022/01/19
2022-01-20,25.2,25.6,24.8,25.45,25.04,25.28,25.88,2022/01/20
2022-01-21,25.05,25.5,24.35,24.35,24.93,25.16,25.77,2022/01/21
2022-01-24,24.2,24.2,23.3,23.65,24.66,24.94,25.62,2022/01/24
2022-01-25,23.4,23.6,22.95,23.1,24.35,24.69,25.44,2022/01/25
2022-01-26,23.1,23.3,23.0,23.05,23.92,24.48,25.26,2022/01/26
2022-02-07,23.15,23.85,22.8,23.75,23.58,24.31,25.11,2022/02/07
2022-02-08,23.75,24.25,23.6,24.0,23.51,24.22,24.97,2022/02/08
2022-02-09,23.9,24.2,23.65,24.05,23.59,24.12,24.84,2022/02/09
2022-02-10,24.3,24.5,23.85,23.85,23.74,24.04,24.72,2022/02/10
2022-02-11,23.8,23.95,23.6,23.65,23.86,23.89,24.6,2022/02/11
2022-02-14,23.5,23.5,22.9,22.9,23.69,23.64,24.46,2022/02/14
2022-02-15,22.9,22.9,22.5,22.5,23.39,23.45,24.3,2022/02/15
2022-02-16,22.8,23.0,22.7,22.95,23.17,23.38,24.16,2022/02/16
2022-02-17,22.95,23.35,22.9,23.0,23.0,23.37,24.03,2022/02/17
2022-02-18,22.75,23.1,22.65,22.95,22.86,23.36,23.92,2022/02/18
2022-02-21,22.85,23.85,22.85,23.7,23.02,23.36,23.83,2022/02/21
2022-02-22,23.7,23.9,23.0,23.15,23.15,23.27,23.74,2022/02/22
2022-02-23,23.2,23.6,23.2,23.35,23.23,23.2,23.66,2022/02/23
2022-02-24,23.3,23.3,22.5,22.7,23.17,23.08,23.56,2022/02/24
2022-02-25,22.95,23.0,22.65,22.9,23.16,23.01,23.45,2022/02/25
2022-03-01,23.05,23.6,23.05,23.45,23.11,23.06,23.35,2022/03/01
2022-03-02,23.35,23.8,23.3,23.65,23.21,23.18,23.32,2022/03/02
2022-03-03,23.75,23.9,23.5,23.6,23.26,23.24,23.31,2022/03/03
2022-03-04,23.4,23.5,23.0,23.0,23.32,23.24,23.31,2022/03/04
2022-03-07,22.95,23.05,22.4,22.8,23.3,23.23,23.3,2022/03/07
2022-03-08,23.2,24.7,23.15,23.4,23.29,23.2,23.28,2022/03/08
2022-03-09,23.55,23.8,23.0,23.25,23.21,23.21,23.24,2022/03/09
2022-03-10,23.6,24.4,23.6,24.1,23.31,23.28,23.24,2022/03/10
2022-03-11,24.35,24.85,24.2,24.5,23.61,23.46,23.28,2022/03/11
2022-03-14,24.6,24.95,24.45,24.7,23.99,23.64,23.33,2022/03/14
2022-03-15,24.8,24.85,24.3,24.3,24.17,23.73,23.4,2022/03/15
2022-03-16,24.8,24.8,23.9,24.3,24.38,23.8,23.49,2022/03/16
2022-03-17,24.75,24.95,24.5,24.8,24.52,23.92,23.58,2022/03/17
2022-03-18,24.8,25.5,24.8,25.5,24.72,24.16,23.7,2022/03/18
2022-03-21,25.55,25.65,25.2,25.5,24.88,24.44,23.83,2022/03/21
2022-03-22,25.3,25.65,25.25,25.45,25.11,24.64,23.92,2022/03/22
2022-03-23,25.55,25.95,25.55,25.75,25.4,24.89,24.05,2022/03/23
2022-03-24,25.65,25.65,25.25,25.4,25.52,25.02,24.15,2022/03/24
2022-03-25,25.25,25.35,24.9,25.3,25.48,25.1,24.28,2022/03/25
2022-03-28,24.95,25.05,24.65,25.0,25.38,25.13,24.39,2022/03/28
2022-03-29,25.15,25.75,25.1,25.7,25.43,25.27,24.5,2022/03/29
2022-03-30,25.9,25.95,25.5,25.75,25.43,25.42,24.6,2022/03/30
2022-03-31,25.6,25.75,25.2,25.2,25.39,25.46,24.68,2022/03/31
2022-04-01,24.95,25.5,24.85,25.5,25.43,25.46,24.81,2022/04/01
2022-04-06,25.2,25.75,25.1,25.45,25.52,25.45,24.94,2022/04/06
2022-04-07,25.4,25.4,24.6,24.6,25.3,25.36,25.0,2022/04/07
2022-04-08,24.6,25.1,24.6,25.1,25.17,25.3,25.1,2022/04/08
2022-04-11,25.0,25.5,24.7,24.75,25.08,25.24,25.13,2022/04/11
2022-04-12,24.75,24.75,23.85,24.0,24.78,25.1,25.1,2022/04/12
2022-04-13,24.3,24.45,24.1,24.15,24.52,25.02,25.08,2022/04/13
2022-04-14,24.4,24.4,24.1,24.25,24.45,24.88,25.07,2022/04/14
2022-04-15,24.15,24.15,23.6,23.75,24.18,24.68,25.04,2022/04/15
2022-04-18,23.65,23.65,23.05,23.1,23.85,24.46,24.96,2022/04/18
2022-04-19,23.35,23.6,23.2,23.45,23.74,24.26,24.86,2022/04/19
2022-04-20,23.5,23.75,23.0,23.0,23.51,24.02,24.73,2022/04/20
2022-04-21,23.4,24.2,23.4,23.75,23.41,23.93,24.65,2022/04/21
2022-04-22,23.5,23.55,23.3,23.5,23.36,23.77,24.54,2022/04/22
2022-04-25,23.1,23.2,22.7,22.75,23.29,23.57,24.4,2022/04/25
2022-04-26,22.9,22.95,22.5,22.55,23.11,23.42,24.26,2022/04/26
2022-04-27,22.1,22.2,21.55,21.7,22.85,23.18,24.1,2022/04/27
2022-04-28,21.7,22.15,21.7,22.0,22.5,22.96,23.92,2022/04/28
2022-04-29,22.4,22.8,22.25,22.45,22.29,22.82,23.75,2022/04/29
2022-05-03,22.55,22.55,22.1,22.4,22.22,22.76,23.61,2022/05/03
2022-05-04,22.5,22.95,22.5,22.8,22.27,22.69,23.48,2022/05/04
2022-05-05,23.1,23.15,22.75,22.85,22.5,22.68,23.34,2022/05/05
2022-05-06,22.4,22.5,22.2,22.35,22.57,22.54,23.23,2022/05/06
2022-05-09,22.1,22.1,21.5,21.5,22.38,22.34,23.05,2022/05/09
2022-05-10,20.9,21.3,20.7,21.2,22.14,22.18,22.88,2022/05/10
2022-05-11,21.2,21.25,20.55,20.65,21.71,21.99,22.71,2022/05/11
2022-05-12,20.65,20.8,20.2,20.2,21.18,21.84,22.51,2022/05/12
2022-05-13,20.45,20.7,20.3,20.55,20.82,21.7,22.32,2022/05/13
2022-05-16,20.8,20.9,20.55,20.65,20.65,21.52,22.17,2022/05/16
2022-05-17,20.85,20.9,20.6,20.8,20.57,21.36,22.06,2022/05/17
2022-05-18,20.75,21.5,20.75,21.25,20.69,21.2,21.94,2022/05/18
2022-05-19,20.75,21.15,20.5,21.05,20.86,21.02,21.85,2022/05/19
2022-05-20,21.2,21.3,21.05,21.1,20.97,20.9,21.72,2022/05/20
2022-05-23,21.45,21.5,21.1,21.2,21.08,20.86,21.6,2022/05/23
2022-05-24,21.2,21.5,20.9,20.95,21.11,20.84,21.51,2022/05/24
2022-05-25,21.1,21.35,21.0,21.15,21.09,20.89,21.44,2022/05/25
2022-05-26,21.4,21.5,20.9,20.9,21.06,20.96,21.4,2022/05/26
2022-05-27,21.3,21.65,21.25,21.6,21.16,21.06,21.38,2022/05/27
2022-05-30,21.9,22.3,21.85,22.3,21.38,21.23,21.37,2022/05/30
2022-05-31,22.25,22.8,22.05,22.8,21.75,21.43,21.39,2022/05/31
2022-06-01,22.55,22.8,22.35,22.35,21.99,21.54,21.37,2022/06/01
2022-06-02,22.25,22.4,22.15,22.25,22.26,21.66,21.34,2022/06/02
2022-06-06,22.45,22.45,22.25,22.25,22.39,21.78,21.34,2022/06/06
2022-06-07,22.25,22.3,22.05,22.15,22.36,21.87,21.37,2022/06/07
2022-06-08,22.3,22.4,22.05,22.1,22.22,21.98,21.41,2022/06/08
2022-06-09,22.05,22.25,21.9,22.2,22.19,22.09,21.49,2022/06/09
2022-06-10,22.05,22.15,21.9,22.0,22.14,22.2,21.58,2022/06/10
2022-06-13,21.7,21.7,21.0,21.05,21.9,22.14,21.6,2022/06/13
2022-06-14,20.95,21.35,20.7,21.3,21.73,22.04,21.64,2022/06/14
2022-06-15,21.15,21.35,21.15,21.15,21.54,21.88,21.65,2022/06/15
2022-06-16,21.5,21.5,20.7,20.7,21.24,21.72,21.63,2022/06/16
2022-06-17,20.45,20.55,20.2,20.3,20.9,21.52,21.59,2022/06/17
2022-06-20,20.35,20.6,19.7,19.7,20.63,21.26,21.52,2022/06/20
2022-06-21,19.75,20.7,19.75,20.7,20.51,21.12,21.5,2022/06/21
2022-06-22,20.8,20.8,20.0,20.05,20.29,20.92,21.45,2022/06/22
2022-06-23,20.3,20.55,19.9,20.1,20.17,20.7,21.4,2022/06/23
2022-06-24,20.6,20.6,20.25,20.25,20.16,20.53,21.36,2022/06/24
2022-06-27,20.55,21.15,20.55,21.1,20.44,20.54,21.34,2022/06/27
2022-06-28,19.3,19.6,18.7,18.75,20.05,20.28,21.16,2022/06/28
2022-06-29,18.65,18.65,18.4,18.55,19.75,20.02,20.95,2022/06/29
2022-06-30,18.55,18.6,17.65,17.85,19.3,19.74,20.72,2022/06/30
2022-07-01,18.0,18.0,16.95,17.05,18.66,19.41,20.46,2022/07/01
2022-07-04,17.05,17.6,16.95,17.6,17.96,19.2,20.23,2022/07/04
2022-07-05,18.0,18.0,17.5,17.9,17.79,18.92,20.02,2022/07/05
2022-07-06,17.8,17.85,17.1,17.2,17.52,18.64,19.77,2022/07/06
2022-07-07,17.35,17.8,17.0,17.65,17.48,18.39,19.55,2022/07/07
2022-07-08,17.55,17.95,17.55,17.9,17.65,18.16,19.34,2022/07/08
2022-07-11,17.9,17.9,17.3,17.35,17.6,17.78,19.16,2022/07/11
2022-07-12,17.1,17.1,16.45,16.6,17.34,17.56,18.92,2022/07/12
2022-07-13,16.95,17.35,16.9,17.1,17.32,17.42,18.72,2022/07/13
2022-07-14,17.1,17.45,16.85,17.25,17.24,17.36,18.55,2022/07/14
2022-07-15,17.25,17.4,17.15,17.25,17.11,17.38,18.4,2022/07/15
2022-07-18,17.2,17.6,17.2,17.5,17.14,17.37,18.28,2022/07/18
2022-07-19,17.4,17.75,17.3,17.75,17.37,17.36,18.14,2022/07/19
2022-07-20,17.9,18.05,17.65,17.65,17.48,17.4,18.02,2022/07/20
2022-07-21,17.8,17.85,17.5,17.6,17.55,17.4,17.89,2022/07/21
2022-07-22,17.55,17.75,17.45,17.5,17.6,17.36,17.76,2022/07/22
2022-07-25,17.4,17.65,17.3,17.65,17.63,17.39,17.58,2022/07/25
2022-07-26,17.55,17.7,17.5,17.6,17.6,17.48,17.52,2022/07/26
2022-07-27,17.6,17.7,17.35,17.55,17.58,17.53,17.48,2022/07/27
2022-07-28,17.7,17.75,17.45,17.65,17.59,17.57,17.46,2022/07/28
2022-07-29,17.85,17.9,17.7,17.75,17.64,17.62,17.5,2022/07/29
2022-08-01,17.8,18.0,17.65,17.9,17.69,17.66,17.51,2022/08/01
2022-08-02,17.75,17.75,17.4,17.45,17.66,17.63,17.49,2022/08/02
2022-08-03,17.45,17.55,17.2,17.2,17.59,17.58,17.49,2022/08/03
2022-08-04,17.25,17.35,16.6,16.85,17.43,17.51,17.45,2022/08/04
2022-08-05,17.15,17.35,17.05,17.3,17.34,17.49,17.42,2022/08/05
2022-08-08,17.2,17.3,17.1,17.2,17.2,17.44,17.42,2022/08/08
2022-08-09,17.1,17.25,16.95,17.25,17.16,17.41,17.45,2022/08/09
2022-08-10,17.15,17.3,17.1,17.25,17.17,17.38,17.45,2022/08/10
2022-08-11,17.5,17.65,17.45,17.55,17.31,17.37,17.47,2022/08/11
2022-08-12,17.65,18.1,17.65,18.0,17.45,17.4,17.51,2022/08/12
2022-08-15,18.15,18.15,17.9,18.1,17.63,17.42,17.54,2022/08/15
2022-08-16,18.1,18.1,17.9,17.9,17.76,17.46,17.54,2022/08/16
2022-08-17,18.0,18.1,17.9,18.1,17.93,17.55,17.57,2022/08/17
2022-08-18,18.05,18.05,17.85,17.95,18.01,17.66,17.58,2022/08/18
2022-08-19,17.85,18.1,17.75,18.1,18.03,17.74,17.62,2022/08/19
2022-08-22,17.95,18.0,17.8,17.9,17.99,17.81,17.63,2022/08/22
2022-08-23,17.8,17.8,17.6,17.7,17.95,17.86,17.63,2022/08/23
2022-08-24,17.75,18.05,17.75,17.85,17.9,17.92,17.65,2022/08/24
2022-08-25,17.95,18.05,17.85,17.9,17.89,17.95,17.66,2022/08/25
2022-08-26,18.0,18.15,18.0,18.1,17.89,17.96,17.68,2022/08/26
2022-08-29,17.65,17.7,17.2,17.3,17.77,17.88,17.65,2022/08/29
2022-08-30,17.3,17.5,17.2,17.5,17.73,17.84,17.65,2022/08/30
2022-08-31,17.45,17.65,17.35,17.6,17.68,17.79,17.67,2022/08/31
2022-09-01,17.3,17.35,17.1,17.2,17.54,17.72,17.69,2022/09/01
2022-09-02,17.35,17.35,17.15,17.2,17.36,17.62,17.68,2022/09/02
2022-09-05,17.2,17.3,17.05,17.1,17.32,17.55,17.68,2022/09/05
2022-09-06,17.1,17.25,16.95,17.0,17.22,17.48,17.66,2022/09/06
2022-09-07,16.85,16.85,16.5,16.5,17.0,17.34,17.63,2022/09/07
2022-09-08,16.55,16.7,16.5,16.65,16.89,17.21,17.58,2022/09/08
2022-09-12,17.0,17.25,16.9,17.15,16.88,17.12,17.54,2022/09/12
2022-09-13,17.3,17.35,17.1,17.1,16.88,17.1,17.49,2022/09/13
2022-09-14,16.8,16.85,16.6,16.75,16.83,17.02,17.43,2022/09/14
2022-09-15,16.7,16.95,16.65,16.85,16.9,16.95,17.37,2022/09/15
2022-09-16,16.65,16.8,16.6,16.6,16.89,16.89,17.3,2022/09/16
2022-09-19,16.65,16.65,16.5,16.65,16.79,16.84,17.23,2022/09/19
2022-09-20,16.7,16.75,16.55,16.6,16.69,16.78,17.16,2022/09/20
2022-09-21,16.6,17.05,16.5,17.05,16.75,16.79,17.13,2022/09/21
2022-09-22,17.0,17.2,16.55,17.2,16.82,16.86,17.1,2022/09/22
2022-09-23,17.15,17.15,16.9,17.05,16.91,16.9,17.06,2022/09/23
2022-09-26,16.8,16.85,16.45,16.55,16.89,16.84,16.98,2022/09/26
2022-09-27,16.6,17.25,16.5,16.95,16.96,16.82,16.96,2022/09/27
2022-09-28,17.05,17.05,16.5,16.55,16.86,16.8,16.92,2022/09/28
2022-09-29,16.85,17.2,16.8,17.0,16.82,16.82,16.89,2022/09/29
2022-09-30,16.9,17.45,16.7,17.45,16.9,16.9,16.9,2022/09/30
2022-10-03,17.3,18.5,17.2,18.3,17.25,17.07,16.95,2022/10/03
2022-10-04,18.5,19.1,18.2,18.85,17.63,17.29,17.04,2022/10/04
2022-10-05,19.15,19.2,18.65,18.9,18.1,17.48,17.14,2022/10/05
2022-10-06,19.05,19.25,18.65,18.7,18.44,17.63,17.24,2022/10/06
2022-10-07,18.7,19.0,18.65,18.95,18.74,17.82,17.36,2022/10/07
2022-10-11,18.8,19.0,18.45,18.55,18.79,18.02,17.43,2022/10/11
2022-10-12,18.55,18.65,17.85,18.2,18.66,18.15,17.48,2022/10/12
2022-10-13,18.15,18.2,17.05,17.05,18.29,18.2,17.5,2022/10/13
2022-10-14,17.6,18.2,17.55,18.05,18.16,18.3,17.56,2022/10/14
2022-10-17,17.55,18.5,17.4,18.45,18.06,18.4,17.65,2022/10/17
2022-10-18,18.7,19.35,18.35,19.25,18.2,18.49,17.78,2022/10/18
2022-10-19,19.4,19.85,19.2,19.3,18.42,18.54,17.92,2022/10/19
2022-10-20,19.1,19.8,18.55,19.5,18.91,18.6,18.04,2022/10/20
2022-10-21,19.25,19.55,18.8,18.95,19.09,18.62,18.13,2022/10/21
2022-10-24,19.25,19.75,19.1,19.25,19.25,18.66,18.24,2022/10/24
2022-10-25,19.3,19.6,19.1,19.45,19.29,18.74,18.38,2022/10/25
2022-10-26,19.5,19.65,19.35,19.4,19.31,18.87,18.5,2022/10/26
2022-10-27,19.45,20.4,19.4,20.4,19.49,19.2,18.7,2022/10/27
2022-10-28,20.2,20.9,20.15,20.55,19.81,19.45,18.88,2022/10/28
2022-10-31,20.85,21.0,20.15,20.4,20.04,19.65,19.02,2022/10/31
2022-11-01,20.3,21.1,20.25,21.0,20.35,19.82,19.16,2022/11/01
2022-11-02,21.1,21.3,20.7,20.8,20.63,19.97,19.26,2022/11/02
2022-11-03,20.6,20.8,20.3,20.45,20.64,20.07,19.33,2022/11/03
2022-11-04,20.2,21.65,20.2,21.5,20.83,20.32,19.47,2022/11/04
2022-11-07,21.55,22.3,21.5,22.05,21.16,20.6,19.63,2022/11/07
2022-11-08,22.0,22.05,21.3,21.5,21.26,20.8,19.77,2022/11/08
2022-11-09,21.7,22.3,21.7,22.3,21.56,21.1,19.98,2022/11/09
2022-11-10,22.15,22.6,22.05,22.5,21.97,21.3,20.25,2022/11/10
2022-11-11,22.9,23.25,22.55,23.15,22.3,21.56,20.51,2022/11/11
2022-11-14,23.4,23.9,22.65,23.4,22.57,21.86,20.76,2022/11/14
2022-11-15,23.5,23.8,23.1,23.75,23.02,22.14,20.98,2022/11/15
2022-11-16,23.75,24.0,23.2,23.45,23.25,22.4,21.19,2022/11/16
2022-11-17,23.3,23.45,22.8,23.1,23.37,22.67,21.37,2022/11/17
2022-11-18,23.0,23.7,23.0,23.45,23.43,22.86,21.59,2022/11/18
2022-11-21,23.4,24.2,23.3,24.1,23.57,23.07,21.84,2022/11/21
2022-11-22,24.1,24.9,24.0,24.7,23.76,23.39,22.1,2022/11/22
2022-11-23,25.0,25.2,24.5,24.7,24.01,23.63,22.36,2022/11/23
2022-11-24,24.7,24.7,22.95,23.65,24.12,23.74,22.52,2022/11/24
2022-11-25,24.15,24.5,23.4,23.55,24.14,23.78,22.68,2022/11/25
2022-11-28,23.0,23.5,23.0,23.4,24.0,23.78,22.82,2022/11/28
2022-11-29,23.55,23.6,22.95,23.35,23.73,23.74,22.94,2022/11/29
2022-11-30,23.05,23.7,23.05,23.25,23.44,23.72,23.06,2022/11/30
2022-12-01,23.35,23.85,23.35,23.4,23.39,23.76,23.21,2022/12/01
2022-12-02,23.9,24.2,23.6,23.9,23.46,23.8,23.33,2022/12/02
2022-12-05,24.0,25.4,23.6,23.7,23.52,23.76,23.42,2022/12/05
2022-12-06,23.5,24.6,23.4,23.9,23.63,23.68,23.54,2022/12/06
2022-12-07,24.0,24.95,23.95,24.7,23.92,23.68,23.65,2022/12/07
2022-12-08,24.65,24.65,23.85,24.45,24.13,23.76,23.75,2022/12/08
2022-12-09,24.55,25.0,24.35,24.6,24.27,23.86,23.82,2022/12/09
2022-12-12,24.55,24.85,24.0,24.7,24.47,23.99,23.89,2022/12/12
2022-12-13,24.8,25.3,24.5,24.55,24.6,24.12,23.93,2022/12/13
2022-12-14,24.6,25.2,24.6,25.1,24.68,24.3,24.01,2022/12/14
2022-12-15,24.95,25.4,24.8,25.05,24.8,24.46,24.11,2022/12/15
2022-12-16,24.55,25.4,24.35,24.35,24.75,24.51,24.16,2022/12/16
2022-12-19,24.1,24.15,21.95,21.95,24.2,24.34,24.05,2022/12/19
2022-12-20,21.95,21.95,21.0,21.3,23.55,24.08,23.88,2022/12/20
2022-12-21,21.6,21.7,20.3,21.2,22.77,23.72,23.7,2022/12/21
2022-12-22,21.35,21.75,20.8,21.15,21.99,23.4,23.58,2022/12/22
2022-12-23,20.9,21.4,20.85,21.2,21.36,23.06,23.46,2022/12/23
2022-12-26,21.55,21.7,21.05,21.6,21.29,22.74,23.37,2022/12/26
2022-12-27,21.7,22.0,21.45,21.75,21.38,22.46,23.29,2022/12/27
2022-12-28,21.9,22.5,21.75,22.15,21.57,22.17,23.24,2022/12/28
2022-12-29,22.2,22.6,21.45,21.5,21.64,21.82,23.14,2022/12/29
2022-12-30,21.55,21.7,21.25,21.25,21.65,21.5,23.01,2022/12/30
2023-01-03,21.0,21.35,20.75,21.35,21.6,21.44,22.89,2023/01/03
2023-01-04,21.3,21.6,21.2,21.45,21.54,21.46,22.77,2023/01/04
2023-01-05,21.3,21.75,21.3,21.45,21.4,21.48,22.6,2023/01/05
2023-01-06,21.6,22.3,21.6,22.15,21.53,21.58,22.49,2023/01/06
2023-01-09,22.5,22.5,22.2,22.35,21.75,21.7,22.38,2023/01/09
2023-01-10,22.2,22.4,22.1,22.3,21.94,21.77,22.26,2023/01/10
2023-01-11,22.4,22.45,22.3,22.4,22.13,21.84,22.15,2023/01/11
2023-01-12,22.5,22.65,22.3,22.65,22.37,21.88,22.03,2023/01/12
2023-01-13,22.8,22.85,22.4,22.55,22.45,21.99,21.9,2023/01/13
2023-01-16,22.65,22.75,22.1,22.2,22.42,22.08,21.8,2023/01/16
2023-01-17,22.2,22.6,22.2,22.55,22.47,22.2,21.82,2023/01/17
2023-01-30,22.95,23.1,22.45,22.75,22.54,22.34,21.9,2023/01/30
2023-01-31,22.9,23.35,22.65,23.35,22.68,22.52,22.01,2023/01/31
2023-02-01,23.25,23.6,23.1,23.35,22.84,22.64,22.12,2023/02/01
2023-02-02,23.5,23.5,23.15,23.35,23.07,22.74,22.22,2023/02/02
2023-02-03,23.2,23.5,23.2,23.35,23.23,22.85,22.31,2023/02/03
2023-02-06,23.3,23.5,22.85,23.0,23.28,22.91,22.37,2023/02/06
2023-02-07,23.0,23.3,22.9,23.05,23.22,22.95,22.42,2023/02/07
2023-02-08,23.05,23.15,22.8,22.95,23.14,22.99,22.49,2023/02/08
2023-02-09,22.8,23.1,22.7,22.9,23.05,23.06,22.57,2023/02/09
2023-02-10,22.85,22.9,22.5,22.55,22.89,23.06,22.63,2023/02/10
2023-02-13,22.5,22.95,22.2,22.85,22.86,23.07,22.7,2023/02/13
2023-02-14,22.9,23.3,22.9,23.15,22.88,23.05,22.79,2023/02/14
2023-02-15,23.1,23.35,23.1,23.25,22.94,23.04,22.84,2023/02/15
2023-02-16,23.25,23.45,23.25,23.35,23.03,23.04,22.89,2023/02/16
2023-02-17,23.3,23.5,23.2,23.3,23.18,23.04,22.94,2023/02/17
2023-02-20,23.25,23.45,23.2,23.4,23.29,23.08,22.99,2023/02/20
2023-02-21,23.45,23.7,23.25,23.6,23.38,23.13,23.04,2023/02/21
2023-02-22,23.55,23.55,23.0,23.25,23.38,23.16,23.08,2023/02/22
2023-02-23,23.4,23.65,23.35,23.55,23.42,23.22,23.14,2023/02/23
2023-02-24,23.65,23.65,23.3,23.45,23.45,23.32,23.19,2023/02/24
2023-03-01,23.05,23.2,22.7,22.7,23.31,23.3,23.18,2023/03/01
2023-03-02,22.8,22.8,22.2,22.3,23.05,23.22,23.13,2023/03/02
2023-03-03,22.5,22.6,22.2,22.45,22.89,23.14,23.09,2023/03/03
2023-03-06,22.65,22.8,22.5,22.7,22.72,23.07,23.06,2023/03/06
2023-03-07,22.5,22.75,22.2,22.55,22.54,22.99,23.02,2023/03/07
2023-03-08,22.55,22.55,22.1,22.2,22.44,22.88,22.98,2023/03/08
2023-03-09,22.25,22.35,22.0,22.05,22.39,22.72,22.92,2023/03/09
2023-03-10,21.8,21.9,21.2,21.2,22.14,22.52,22.84,2023/03/10
2023-03-13,21.05,21.25,20.85,21.15,21.83,22.28,22.75,2023/03/13
2023-03-14,20.9,21.1,20.8,20.95,21.51,22.02,22.67,2023/03/14
2023-03-15,21.2,21.3,20.95,21.05,21.28,21.86,22.58,2023/03/15
2023-03-16,21.0,21.05,20.25,20.4,20.95,21.67,22.44,2023/03/16
2023-03-17,20.6,20.65,20.1,20.45,20.8,21.47,22.3,2023/03/17
2023-03-20,20.45,20.5,20.15,20.3,20.63,21.23,22.15,2023/03/20
2023-03-21,20.35,20.5,20.2,20.2,20.48,21.0,21.99,2023/03/21
2023-03-22,20.5,20.5,20.2,20.2,20.31,20.8,21.84,2023/03/22
2023-03-23,20.35,20.75,20.2,20.6,20.35,20.65,21.68,2023/03/23
2023-03-24,20.7,20.8,20.4,20.5,20.36,20.58,21.55,2023/03/24
2023-03-27,20.55,20.85,20.45,20.7,20.44,20.54,21.4,2023/03/27
2023-03-28,20.7,20.8,20.35,20.4,20.48,20.48,21.25,2023/03/28
2023-03-29,20.5,21.2,20.4,20.95,20.63,20.47,21.16,2023/03/29
2023-03-30,21.1,21.1,20.7,20.85,20.68,20.52,21.09,2023/03/30
2023-03-31,20.7,20.95,20.55,20.55,20.69,20.52,21.0,2023/03/31
2023-04-06,20.3,20.45,20.1,20.1,20.57,20.51,20.87,2023/04/06
2023-04-07,20.3,20.35,20.15,20.25,20.54,20.51,20.75,2023/04/07
2023-04-10,20.25,20.4,20.15,20.15,20.38,20.51,20.65,2023/04/10
2023-04-11,20.15,20.3,20.1,20.15,20.24,20.46,20.56,2023/04/11
2023-04-12,20.15,20.65,20.15,20.45,20.22,20.46,20.52,2023/04/12
2023-04-13,20.75,20.75,20.35,20.45,20.29,20.43,20.48,2023/04/13
2023-04-14,20.45,20.75,20.45,20.6,20.36,20.45,20.46,2023/04/14
2023-04-17,20.6,21.05,20.6,20.85,20.5,20.44,20.45,2023/04/17
2023-04-18,20.8,20.85,20.35,20.45,20.56,20.4,20.46,2023/04/18
2023-04-19,20.45,21.45,20.45,21.15,20.7,20.46,20.49,2023/04/19
2023-04-20,20.9,21.0,20.2,20.3,20.67,20.48,20.49,2023/04/20
2023-04-21,20.3,21.05,20.3,20.5,20.65,20.51,20.51,2023/04/21
2023-04-24,20.5,20.95,20.4,20.5,20.58,20.54,20.52,2023/04/24
2023-04-25,20.55,20.95,20.2,20.45,20.58,20.57,20.52,2023/04/25
2023-04-26,20.2,20.6,20.2,20.55,20.46,20.58,20.52,2023/04/26
2023-04-27,20.35,20.45,20.2,20.25,20.45,20.56,20.5,2023/04/27
2023-04-28,20.55,20.55,20.25,20.3,20.41,20.53,20.49,2023/04/28
2023-05-02,20.3,20.3,19.05,19.5,20.21,20.4,20.42,2023/05/02
2023-05-03,19.45,20.3,19.45,19.7,20.06,20.32,20.36,2023/05/03
2023-05-04,19.55,19.75,19.5,19.5,19.85,20.16,20.31,2023/05/04
2023-05-05,19.5,19.7,19.1,19.2,19.64,20.04,20.26,2023/05/05
2023-05-08,19.3,19.4,19.0,19.05,19.39,19.9,20.2,2023/05/08
2023-05-09,19.2,19.2,18.65,18.9,19.27,19.74,20.14,2023/05/09
2023-05-10,19.2,19.2,18.65,18.95,19.12,19.59,20.08,2023/05/10
2023-05-11,18.8,19.05,18.5,18.5,18.92,19.39,19.98,2023/05/11
2023-05-12,18.5,18.75,18.25,18.75,18.83,19.24,19.9,2023/05/12
2023-05-15,18.45,18.5,18.1,18.35,18.69,19.04,19.78,2023/05/15
2023-05-16,18.55,18.7,18.35,18.55,18.62,18.94,19.67,2023/05/16
2023-05-17,18.6,19.1,18.4,19.0,18.63,18.88,19.6,2023/05/17
2023-05-18,19.05,19.1,18.65,19.05,18.74,18.83,19.49,2023/05/18
2023-05-19,18.95,19.25,18.9,18.95,18.78,18.8,19.42,2023/05/19
2023-05-22,18.95,19.2,18.9,19.05,18.92,18.8,19.35,2023/05/22
2023-05-23,19.0,19.05,18.7,19.0,19.01,18.82,19.28,2023/05/23
2023-05-24,18.9,18.9,18.5,18.65,18.94,18.78,19.19,2023/05/24
2023-05-25,18.65,18.9,18.5,18.65,18.86,18.8,19.09,2023/05/25
2023-05-26,18.35,18.55,18.25,18.3,18.73,18.76,18.99,2023/05/26
2023-05-29,18.25,18.6,18.25,18.5,18.62,18.77,18.9,2023/05/29
2023-05-30,18.6,18.75,18.45,18.5,18.52,18.76,18.85,2023/05/30
2023-05-31,18.5,18.6,18.3,18.35,18.46,18.7,18.79,2023/05/31
2023-06-01,18.5,18.55,18.3,18.45,18.42,18.64,18.74,2023/06/01
2023-06-02,18.5,18.9,18.5,18.55,18.47,18.6,18.7,2023/06/02
2023-06-05,18.35,19.15,18.25,19.05,18.58,18.6,18.7,2023/06/05
2023-06-06,19.0,19.15,18.6,18.65,18.61,18.57,18.69,2023/06/06
2023-06-07,18.85,18.95,18.4,18.45,18.63,18.54,18.66,2023/06/07
2023-06-08,18.75,18.75,18.35,18.4,18.62,18.52,18.66,2023/06/08
2023-06-09,18.55,18.55,18.1,18.1,18.53,18.5,18.63,2023/06/09
2023-06-12,18.1,18.15,17.7,17.75,18.27,18.42,18.6,2023/06/12
2023-06-13,17.9,18.25,17.65,18.05,18.15,18.38,18.57,2023/06/13
2023-06-14,18.1,18.2,17.75,17.9,18.04,18.34,18.52,2023/06/14
2023-06-15,18.15,18.65,18.05,18.4,18.04,18.33,18.48,2023/06/15
2023-06-16,18.5,20.2,18.5,20.1,18.44,18.49,18.54,2023/06/16
2023-06-19,20.1,21.0,19.95,20.1,18.91,18.59,18.6,2023/06/19
2023-06-20,19.95,20.1,19.2,19.2,19.14,18.64,18.6,2023/06/20
2023-06-21,19.2,19.85,19.2,19.6,19.48,18.76,18.65,2023/06/21
2023-06-26,19.85,20.85,19.6,20.1,19.82,18.93,18.73,2023/06/26
2023-06-27,20.05,20.3,19.75,19.9,19.78,19.11,18.8,2023/06/27
2023-06-28,20.0,20.0,19.45,19.75,19.71,19.31,18.87,2023/06/28
2023-06-29,19.75,19.8,19.3,19.55,19.78,19.46,18.92,2023/06/29
2023-06-30,19.5,19.55,19.15,19.3,19.72,19.6,18.97,2023/06/30
2023-07-03,19.5,19.6,19.2,19.2,19.54,19.68,19.01,2023/07/03
2023-07-04,19.25,19.3,19.0,19.0,19.36,19.57,19.03,2023/07/04
2023-07-05,18.95,19.15,18.85,18.9,19.19,19.45,19.02,2023/07/05
2023-07-06,18.75,18.8,18.3,18.35,18.95,19.37,19.01,2023/07/06
2023-07-07,18.3,18.4,18.1,18.25,18.74,19.23,19.0,2023/07/07
2023-07-10,18.25,18.3,18.0,18.0,18.5,19.02,18.98,2023/07/10
2023-07-11,18.25,18.3,18.0,18.05,18.31,18.84,18.97,2023/07/11
2023-07-12,18.05,18.15,17.9,17.9,18.11,18.65,18.98,2023/07/12
2023-07-13,18.0,18.15,17.8,17.85,18.01,18.48,18.97,2023/07/13
2023-07-14,17.95,18.05,17.85,17.9,17.94,18.34,18.97,2023/07/14
2023-07-17,18.0,18.2,17.85,18.1,17.96,18.23,18.95,2023/07/17
2023-07-18,18.1,18.2,17.8,17.8,17.91,18.11,18.84,2023/07/18
2023-07-19,17.85,18.0,17.7,17.7,17.87,17.99,18.72,2023/07/19
2023-07-20,17.75,18.15,17.75,18.1,17.92,17.96,18.66,2023/07/20
2023-07-21,18.05,18.15,17.85,17.9,17.92,17.93,18.58,2023/07/21
2023-07-24,17.85,17.85,17.35,17.45,17.79,17.88,18.45,2023/07/24
2023-07-25,17.45,17.75,17.45,17.7,17.77,17.84,18.34,2023/07/25
2023-07-26,17.75,18.15,17.7,17.9,17.81,17.84,18.24,2023/07/26
2023-07-27,17.95,19.6,17.95,19.3,18.05,17.98,18.23,2023/07/27
2023-07-28,19.55,19.95,19.1,19.8,18.43,18.18,18.26,2023/07/28
2023-07-31,20.0,21.7,19.6,21.6,19.26,18.52,18.38,2023/07/31
2023-08-01,22.15,23.25,21.1,21.4,20.0,18.89,18.5,2023/08/01
2023-08-02,21.2,22.0,20.7,20.8,20.58,19.2,18.59,2023/08/02
2023-08-04,21.1,22.4,20.25,21.8,21.08,19.57,18.76,2023/08/04
2023-08-07,21.65,22.15,21.15,22.05,21.53,19.98,18.95,2023/08/07
2023-08-08,22.05,23.0,21.8,22.0,21.61,20.43,19.15,2023/08/08
2023-08-09,22.0,22.75,21.7,22.5,21.83,20.92,19.38,2023/08/09
2023-08-10,22.25,22.9,21.1,21.15,21.9,21.24,19.54,2023/08/10
2023-08-11,21.75,21.85,20.9,21.05,21.75,21.42,19.7,2023/08/11
2023-08-14,21.05,21.05,20.1,20.2,21.38,21.46,19.82,2023/08/14
2023-08-15,20.7,20.8,19.9,20.05,20.99,21.3,19.91,2023/08/15
2023-08-16,20.0,20.0,18.9,18.95,20.28,21.06,19.97,2023/08/16
2023-08-17,19.2,19.8,18.65,19.35,19.92,20.91,20.05,2023/08/17
2023-08-18,19.4,19.55,19.05,19.15,19.54,20.64,20.1,2023/08/18
2023-08-21,19.2,19.25,18.65,18.8,19.26,20.32,20.15,2023/08/21
2023-08-22,18.9,19.05,18.6,18.65,18.98,19.99,20.21,2023/08/22
2023-08-23,18.65,18.75,18.5,18.5,18.89,19.58,20.25,2023/08/23
2023-08-24,18.75,18.75,18.2,18.3,18.68,19.3,20.27,2023/08/24
2023-08-25,18.1,18.75,17.8,18.55,18.56,19.05,20.23,2023/08/25
2023-08-28,18.6,18.95,18.45,18.85,18.57,18.92,20.18,2023/08/28
2023-08-29,18.75,19.1,18.7,18.75,18.59,18.78,20.04,2023/08/29
2023-08-30,18.8,20.6,18.8,20.35,18.96,18.92,19.99,2023/08/30
2023-08-31,20.4,21.7,19.55,19.7,19.24,18.96,19.93,2023/08/31
2023-09-01,20.05,21.65,19.9,21.65,19.86,19.21,19.93,2023/09/01
2023-09-04,21.65,22.35,20.8,21.2,20.33,19.45,19.88,2023/09/04
2023-09-05,21.0,21.45,20.85,21.1,20.8,19.7,19.84,2023/09/05
2023-09-06,21.2,21.2,20.0,20.1,20.75,19.85,19.72,2023/09/06
2023-09-07,20.0,20.2,19.5,19.5,20.71,19.98,19.64,2023/09/07
2023-09-08,19.75,20.0,19.5,19.65,20.31,20.08,19.57,2023/09/08
2023-09-11,20.15,20.45,19.2,19.25,19.92,20.12,19.52,2023/09/11
2023-09-12,19.4,19.5,19.1,19.4,19.58,20.19,19.49,2023/09/12
2023-09-13,19.35,19.75,19.25,19.6,19.48,20.12,19.52,2023/09/13
2023-09-14,19.75,20.05,19.65,20.0,19.58,20.14,19.55,2023/09/14
2023-09-15,20.15,20.15,19.35,19.35,19.52,19.92,19.56,2023/09/15
2023-09-18,19.2,19.65,19.2,19.55,19.58,19.75,19.6,2023/09/18
2023-09-19,19.55,20.2,19.45,20.0,19.7,19.64,19.67,2023/09/19
2023-09-20,20.1,20.5,19.55,19.7,19.72,19.6,19.73,2023/09/20
2023-09-21,19.6,19.8,19.4,19.4,19.6,19.59,19.78,2023/09/21
2023-09-22,19.35,19.6,19.25,19.35,19.6,19.56,19.82,2023/09/22
2023-09-25,19.4,19.7,19.4,19.45,19.58,19.58,19.85,2023/09/25
2023-09-26,19.45,19.8,19.3,19.3,19.44,19.57,19.88,2023/09/26
2023-09-27,19.15,19.25,18.9,19.0,19.3,19.51,19.81,2023/09/27
2023-09-28,19.05,19.3,19.0,19.1,19.24,19.42,19.78,2023/09/28
2023-10-02,19.2,19.8,19.0,19.5,19.27,19.44,19.68,2023/10/02
2023-10-03,19.55,20.0,19.3,19.35,19.25,19.42,19.58,2023/10/03
2023-10-04,19.15,19.3,18.8,18.85,19.16,19.3,19.47,2023/10/04
2023-10-05,19.05,19.4,19.0,19.15,19.19,19.24,19.42,2023/10/05
2023-10-06,19.25,19.3,19.0,19.05,19.18,19.21,19.4,2023/10/06
2023-10-11,19.25,19.45,18.8,18.85,19.05,19.16,19.36,2023/10/11
2023-10-12,18.95,19.0,18.65,18.9,18.96,19.1,19.34,2023/10/12
2023-10-13,18.85,18.85,18.6,18.75,18.94,19.05,19.31,2023/10/13
2023-10-16,18.8,19.05,18.6,18.65,18.84,19.02,19.26,2023/10/16
2023-10-17,18.75,18.8,18.55,18.65,18.76,18.97,19.2,2023/10/17
2023-10-18,18.55,18.6,18.05,18.15,18.62,18.84,19.13,2023/10/18
2023-10-19,18.05,18.2,18.0,18.05,18.45,18.7,19.06,2023/10/19
2023-10-20,18.0,18.25,17.65,18.2,18.34,18.64,18.97,2023/10/20
2023-10-23,18.05,18.25,18.05,18.1,18.23,18.54,18.89,2023/10/23
2023-10-24,18.1,18.65,18.1,18.6,18.22,18.49,18.85,2023/10/24
2023-10-25,18.65,18.65,18.45,18.6,18.31,18.46,18.81,2023/10/25
2023-10-26,18.45,18.6,18.25,18.25,18.35,18.4,18.75,2023/10/26
2023-10-27,18.35,19.0,18.35,18.65,18.44,18.39,18.72,2023/10/27
2023-10-30,18.8,18.8,18.45,18.45,18.51,18.37,18.69,2023/10/30
2023-10-31,18.4,18.55,18.15,18.25,18.44,18.33,18.65,2023/10/31
2023-11-01,18.35,18.4,18.2,18.35,18.39,18.35,18.59,2023/11/01
2023-11-02,18.5,18.85,18.5,18.85,18.51,18.43,18.57,2023/11/02
2023-11-03,18.85,18.95,18.7,18.85,18.55,18.49,18.57,2023/11/03
2023-11-06,19.0,19.3,18.85,19.0,18.66,18.58,18.56,2023/11/06
2023-11-07,19.0,19.1,18.7,19.0,18.81,18.62,18.56,2023/11/07
2023-11-08,19.15,19.3,19.0,19.05,18.95,18.67,18.57,2023/11/08
2023-11-09,19.1,19.25,18.9,19.0,18.98,18.74,18.57,2023/11/09
2023-11-10,18.95,19.1,18.75,18.75,18.96,18.76,18.57,2023/11/10
2023-11-13,18.9,18.95,18.6,18.85,18.93,18.8,18.58,2023/11/13
2023-11-14,19.0,19.1,18.8,18.9,18.91,18.86,18.6,2023/11/14
2023-11-15,19.15,19.35,19.1,19.35,18.97,18.96,18.66,2023/11/15
2023-11-16,19.4,19.55,19.25,19.35,19.04,19.01,18.72,2023/11/16
2023-11-17,19.5,19.5,19.25,19.3,19.15,19.06,18.77,2023/11/17
2023-11-20,19.3,19.3,18.95,19.0,19.18,19.06,18.82,2023/11/20
2023-11-21,19.15,19.35,19.0,19.1,19.22,19.07,18.85,2023/11/21
2023-11-22,19.1,19.45,19.0,19.15,19.18,19.08,18.87,2023/11/22
2023-11-23,19.1,19.2,18.9,19.0,19.11,19.08,18.91,2023/11/23
2023-11-24,18.95,19.1,18.9,18.95,19.04,19.1,18.92,2023/11/24
2023-11-27,18.95,19.0,18.7,18.75,18.99,19.08,18.94,2023/11/27
2023-11-28,18.8,19.15,18.8,19.1,18.99,19.1,18.98,2023/11/28
2023-11-29,19.0,19.05,18.75,18.9,18.94,19.06,19.01,2023/11/29
2023-11-30,19.0,19.15,18.95,18.95,18.93,19.02,19.02,2023/11/30
2023-12-01,18.95,19.1,18.9,18.95,18.93,18.98,19.02,2023/12/01
2023-12-04,19.15,19.4,19.1,19.15,19.01,19.0,19.03,2023/12/04
2023-12-05,19.2,19.2,18.9,18.95,18.98,18.98,19.02,2023/12/05
2023-12-06,19.05,19.15,18.95,19.0,19.0,18.97,19.02,2023/12/06
2023-12-07,19.0,19.05,18.7,18.7,18.95,18.94,19.01,2023/12/07
2023-12-08,18.8,18.9,18.7,18.75,18.91,18.92,19.01,2023/12/08
2023-12-11,18.8,18.85,18.55,18.6,18.8,18.9,18.99,2023/12/11
2023-12-12,18.8,18.8,18.55,18.65,18.74,18.86,18.98,2023/12/12
2023-12-13,18.65,18.8,18.6,18.6,18.66,18.83,18.94,2023/12/13
2023-12-14,18.75,18.9,18.7,18.75,18.67,18.81,18.92,2023/12/14
2023-12-15,18.9,19.2,18.8,19.05,18.73,18.82,18.9,2023/12/15
2023-12-18,19.1,19.3,19.0,19.0,18.81,18.8,18.9,2023/12/18
2023-12-19,18.95,18.95,18.65,18.75,18.83,18.79,18.88,2023/12/19
2023-12-20,18.75,19.1,18.75,19.0,18.91,18.79,18.88,2023/12/20
2023-12-21,18.8,19.0,18.75,18.8,18.92,18.79,18.87,2023/12/21
2023-12-22,18.8,18.95,18.7,18.7,18.85,18.79,18.86,2023/12/22
2023-12-25,18.7,18.85,18.7,18.7,18.79,18.8,18.85,2023/12/25
2023-12-26,18.75,19.0,18.75,19.0,18.84,18.84,18.85,2023/12/26
2023-12-27,19.1,19.1,18.95,19.0,18.84,18.88,18.85,2023/12/27
2023-12-28,18.95,19.2,18.9,19.1,18.9,18.91,18.86,2023/12/28
2023-12-29,19.1,19.15,18.95,18.95,18.95,18.9,18.86,2023/12/29
2024-01-02,18.85,19.35,18.8,19.2,19.05,18.92,18.86,2024/01/02
2024-01-03,19.35,19.55,18.9,18.9,19.03,18.93,18.86,2024/01/03
2024-01-04,18.9,18.95,18.7,18.75,18.98,18.91,18.85,2024/01/04
2024-01-05,18.75,19.1,18.75,18.95,18.95,18.92,18.86,2024/01/05
2024-01-08,19.0,19.25,19.0,19.0,18.96,18.96,18.87,2024/01/08
2024-01-09,19.15,19.15,18.75,18.75,18.87,18.96,18.88,2024/01/09
2024-01-10,18.75,18.75,18.25,18.25,18.74,18.88,18.86,2024/01/10
2024-01-11,18.3,18.4,18.2,18.35,18.66,18.82,18.85,2024/01/11
2024-01-12,18.35,18.4,18.25,18.35,18.54,18.74,18.83,2024/01/12
2024-01-15,18.4,18.55,18.3,18.35,18.41,18.69,18.79,2024/01/15
2024-01-16,18.2,18.25,18.0,18.05,18.27,18.57,18.74,2024/01/16
2024-01-17,17.9,18.05,17.65,17.65,18.15,18.44,18.69,2024/01/17
2024-01-18,17.8,17.9,17.65,17.8,18.04,18.35,18.63,2024/01/18
2024-01-19,17.75,17.9,17.75,17.85,17.94,18.24,18.58,2024/01/19
2024-01-22,17.9,18.0,17.85,17.95,17.86,18.13,18.54,2024/01/22
2024-01-23,17.9,18.2,17.9,18.15,17.88,18.08,18.52,2024/01/23
2024-01-24,18.25,18.35,18.2,18.25,18.0,18.08,18.48,2024/01/24
2024-01-25,18.35,18.35,18.15,18.15,18.07,18.06,18.44,2024/01/25
2024-01-26,18.15,18.35,18.15,18.35,18.17,18.06,18.4,2024/01/26
2024-01-29,18.25,18.45,18.25,18.45,18.27,18.06,18.38,2024/01/29
2024-01-30,18.45,18.45,18.1,18.15,18.27,18.08,18.32,2024/01/30
2024-01-31,18.15,18.2,18.0,18.0,18.22,18.11,18.28,2024/01/31
2024-02-01,18.05,18.3,18.05,18.2,18.23,18.15,18.25,2024/02/01
2024-02-02,18.3,18.35,18.05,18.05,18.17,18.17,18.2,2024/02/02
2024-02-05,17.9,17.9,17.7,17.8,18.04,18.16,18.15,2024/02/05
2024-02-15,17.75,18.1,17.7,18.1,18.03,18.15,18.11,2024/02/15
2024-02-16,18.1,18.4,18.1,18.4,18.11,18.16,18.12,2024/02/16
2024-02-19,18.4,18.8,18.4,18.8,18.23,18.23,18.14,2024/02/19
2024-02-20,18.8,18.8,18.5,18.65,18.35,18.26,18.16,2024/02/20
2024-02-21,18.8,18.85,18.6,18.75,18.54,18.29,18.18,2024/02/21
2024-02-22,18.75,18.75,18.5,18.55,18.63,18.33,18.2,2024/02/22
2024-02-23,18.5,18.55,18.25,18.25,18.6,18.36,18.23,2024/02/23
2024-02-26,18.2,18.35,18.15,18.2,18.48,18.35,18.25,2024/02/26
2024-02-27,18.25,18.25,18.0,18.05,18.36,18.36,18.26,2024/02/27
2024-02-29,18.05,18.25,18.05,18.25,18.26,18.4,18.28,2024/02/29
2024-03-01,18.1,18.2,18.0,18.05,18.16,18.4,18.27,2024/03/01
2024-03-04,18.0,18.1,17.9,18.0,18.11,18.36,18.26,2024/03/04
2024-03-05,18.05,18.2,17.9,17.9,18.05,18.26,18.25,2024/03/05
2024-03-06,17.9,18.35,17.9,18.15,18.07,18.22,18.24,2024/03/06
2024-03-07,18.05,18.25,17.95,18.0,18.02,18.14,18.21,2024/03/07
2024-03-08,17.95,18.0,17.7,17.8,17.97,18.07,18.2,2024/03/08
2024-03-11,17.85,17.9,17.7,17.85,17.94,18.02,18.19,2024/03/11
2024-03-12,17.9,18.1,17.85,17.9,17.94,18.0,18.18,2024/03/12
2024-03-13,17.8,17.85,17.45,17.55,17.82,17.94,18.15,2024/03/13
2024-03-14,17.55,17.55,17.3,17.4,17.7,17.86,18.13,2024/03/14
2024-03-15,17.4,17.4,16.95,16.95,17.53,17.75,18.07,2024/03/15
2024-03-18,17.05,17.45,16.95,17.4,17.44,17.69,18.02,2024/03/18
2024-03-19,17.3,17.4,17.05,17.2,17.3,17.62,17.94,2024/03/19
2024-03-20,17.15,17.25,17.05,17.25,17.24,17.53,17.87,2024/03/20
2024-03-21,17.25,17.5,17.2,17.5,17.26,17.48,17.81,2024/03/21
2024-03-22,17.4,17.55,17.35,17.4,17.35,17.44,17.75,2024/03/22
2024-03-25,17.3,17.5,17.25,17.45,17.36,17.4,17.71,2024/03/25
2024-03-26,17.45,17.65,17.2,17.2,17.36,17.33,17.66,2024/03/26
2024-03-27,17.25,17.35,17.2,17.3,17.37,17.3,17.62,2024/03/27
2024-03-28,17.25,17.35,17.1,17.15,17.3,17.28,17.57,2024/03/28
2024-03-29,17.25,17.3,17.1,17.2,17.26,17.3,17.53,2024/03/29
2024-04-01,17.25,17.4,17.25,17.4,17.25,17.3,17.5,2024/04/01
2024-04-02,17.4,17.4,17.15,17.15,17.24,17.3,17.46,2024/04/02
2024-04-03,17.5,17.9,17.15,17.2,17.22,17.3,17.41,2024/04/03
2024-04-08,17.25,17.65,17.25,17.4,17.27,17.28,17.38,2024/04/08
2024-04-09,17.55,17.7,17.4,17.6,17.35,17.3,17.37,2024/04/09
2024-04-10,17.6,17.75,17.6,17.65,17.4,17.32,17.36,2024/04/10
2024-04-11,17.7,17.7,17.25,17.25,17.42,17.33,17.33,2024/04/11
2024-04-12,17.2,17.3,17.1,17.2,17.42,17.32,17.31,2024/04/12
2024-04-15,17.2,17.45,17.15,17.2,17.38,17.32,17.3,2024/04/15
2024-04-16,17.15,17.2,16.6,16.75,17.21,17.28,17.29,2024/04/16
2024-04-17,16.75,17.0,16.65,16.9,17.06,17.23,17.27,2024/04/17
2024-04-18,16.95,17.1,16.8,17.05,17.02,17.22,17.26,2024/04/18
2024-04-19,16.9,17.05,16.4,16.6,16.9,17.16,17.23,2024/04/19
2024-04-22,16.7,17.25,16.7,16.95,16.85,17.12,17.2,2024/04/22
2024-04-23,17.05,17.15,16.8,17.0,16.9,17.06,17.18,2024/04/23
2024-04-24,17.0,17.15,16.95,17.05,16.93,17.0,17.16,2024/04/24
2024-04-25,17.0,17.05,16.85,16.95,16.91,16.96,17.15,2024/04/25
2024-04-26,16.9,17.05,16.9,17.0,16.99,16.94,17.13,2024/04/26
2024-04-29,17.05,17.4,17.05,17.4,17.08,16.96,17.14,2024/04/29
2024-04-30,17.3,17.35,17.1,17.15,17.11,17.01,17.14,2024/04/30
2024-05-02,17.15,17.2,17.05,17.15,17.13,17.03,17.13,2024/05/02
2024-05-03,17.2,17.35,17.1,17.1,17.16,17.04,17.13,2024/05/03
2024-05-06,17.3,17.4,17.15,17.2,17.2,17.1,17.13,2024/05/06
2024-05-07,17.3,17.3,17.0,17.05,17.13,17.1,17.11,2024/05/07
2024-05-08,17.05,17.1,16.95,16.95,17.09,17.1,17.08,2024/05/08
2024-05-09,16.95,17.15,16.95,16.95,17.05,17.09,17.04,2024/05/09
2024-05-10,17.0,17.2,16.95,17.2,17.07,17.12,17.04,2024/05/10
2024-05-13,17.25,17.25,17.05,17.1,17.05,17.12,17.04,2024/05/13
2024-05-14,17.1,17.35,17.0,17.1,17.06,17.1,17.03,2024/05/14
2024-05-15,17.2,17.3,17.1,17.15,17.1,17.1,17.05,2024/05/15
2024-05-16,17.3,17.3,17.1,17.25,17.16,17.1,17.07,2024/05/16
2024-05-17,17.3,17.3,17.1,17.2,17.16,17.11,17.08,2024/05/17
2024-05-20,17.3,17.4,17.1,17.25,17.19,17.12,17.11,2024/05/20
2024-05-21,17.35,17.35,16.95,17.05,17.18,17.12,17.11,2024/05/21
2024-05-22,17.15,17.2,17.05,17.1,17.17,17.13,17.12,2024/05/22
2024-05-23,17.0,17.9,16.75,17.65,17.25,17.21,17.15,2024/05/23
2024-05-24,17.5,17.5,17.1,17.2,17.25,17.2,17.16,2024/05/24
2024-05-27,17.2,17.2,17.0,17.05,17.21,17.2,17.16,2024/05/27
2024-05-28,17.05,17.5,17.0,17.25,17.25,17.22,17.16,2024/05/28
2024-05-29,17.35,17.75,17.2,17.4,17.31,17.24,17.17,2024/05/29
2024-05-30,17.25,18.0,17.1,17.95,17.37,17.31,17.21,2024/05/30
2024-05-31,17.95,18.3,17.75,18.15,17.56,17.4,17.26,2024/05/31
2024-06-03,18.2,19.5,17.85,19.05,17.96,17.58,17.35,2024/06/03
2024-06-04,19.0,19.9,18.8,18.85,18.28,17.76,17.44,2024/06/04
2024-06-05,19.05,19.45,18.45,18.9,18.58,17.94,17.54,2024/06/05
2024-06-06,19.0,19.45,18.8,19.4,18.87,18.12,17.66,2024/06/06
2024-06-07,19.4,19.65,19.15,19.35,19.11,18.34,17.77,2024/06/07
2024-06-11,19.4,19.5,18.6,18.9,19.08,18.52,17.86,2024/06/11
2024-06-12,18.95,19.0,18.3,18.6,19.03,18.66,17.93,2024/06/12
2024-06-13,18.7,18.75,18.2,18.3,18.91,18.74,17.99,2024/06/13
2024-06-14,18.3,19.3,18.2,19.0,18.83,18.85,18.08,2024/06/14
2024-06-17,19.1,20.75,19.05,20.25,19.01,19.06,18.23,2024/06/17
2024-06-18,20.65,21.0,19.9,19.9,19.21,19.15,18.37,2024/06/18
2024-06-19,19.9,20.35,19.5,19.9,19.47,19.25,18.51,2024/06/19
2024-06-20,19.9,20.2,19.65,19.75,19.76,19.34,18.64,2024/06/20
2024-06-21,19.75,19.9,19.55,19.6,19.88,19.36,18.74,2024/06/21
2024-06-24,19.8,19.8,19.15,19.35,19.7,19.35,18.85,2024/06/24
2024-06-25,19.45,19.5,18.95,19.25,19.57,19.39,18.96,2024/06/25
2024-06-26,19.4,19.4,18.75,18.8,19.35,19.41,19.03,2024/06/26
2024-06-27,18.65,19.6,18.5,18.9,19.18,19.47,19.11,2024/06/27
2024-06-28,19.05,19.5,19.05,19.35,19.13,19.51,19.18,2024/06/28
2024-07-01,19.55,19.65,18.95,18.95,19.05,19.38,19.22,2024/07/01
2024-07-02,18.8,18.9,18.65,18.7,18.94,19.26,19.2,2024/07/02
2024-07-03,18.75,18.9,18.6,18.6,18.9,19.12,19.19,2024/07/03
2024-07-04,18.7,18.8,18.5,18.6,18.84,19.01,19.17,2024/07/04
2024-07-05,18.7,19.5,18.55,19.35,18.84,18.98,19.17,2024/07/05
2024-07-08,19.65,19.65,18.9,18.95,18.84,18.94,19.15,2024/07/08
2024-07-09,18.95,19.0,18.5,18.6,18.82,18.88,19.13,2024/07/09
2024-07-10,18.55,19.2,18.55,19.0,18.9,18.9,19.15,2024/07/10
2024-07-11,19.0,19.4,18.75,19.0,18.98,18.91,19.19,2024/07/11
2024-07-12,18.9,19.4,18.9,19.15,18.94,18.89,19.2,2024/07/12
2024-07-15,19.2,19.25,18.9,18.9,18.93,18.88,19.13,2024/07/15
2024-07-16,18.9,19.1,18.8,18.85,18.98,18.9,19.08,2024/07/16
2024-07-17,18.95,19.2,18.8,18.9,18.96,18.93,19.03,2024/07/17
2024-07-18,18.95,19.15,18.65,18.7,18.9,18.94,18.98,2024/07/18
2024-07-19,18.75,18.75,18.0,18.05,18.68,18.81,18.9,2024/07/19
2024-07-22,18.05,18.05,17.15,17.5,18.4,18.66,18.8,2024/07/22
2024-07-23,17.7,17.9,17.45,17.7,18.17,18.58,18.73,2024/07/23
2024-07-26,17.3,17.7,17.3,17.7,17.93,18.44,18.67,2024/07/26
2024-07-29,17.85,17.95,17.3,17.35,17.66,18.28,18.6,2024/07/29
2024-07-30,17.35,17.5,17.1,17.4,17.53,18.1,18.5,2024/07/30
2024-07-31,17.4,17.6,17.35,17.45,17.52,17.96,18.42,2024/07/31
2024-08-01,17.6,17.95,17.5,17.9,17.56,17.86,18.38,2024/08/01
2024-08-02,17.55,17.6,17.35,17.35,17.49,17.71,18.32,2024/08/02
2024-08-05,16.95,17.0,15.65,15.65,17.15,17.4,18.17,2024/08/05
2024-08-06,15.6,15.85,14.3,15.4,16.75,17.14,17.98,2024/08/06
2024-08-07,15.5,16.25,15.4,16.1,16.48,17.0,17.83,2024/08/07
2024-08-08,15.65,16.2,15.65,15.95,16.09,16.82,17.7,2024/08/08
2024-08-09,16.1,16.45,16.1,16.2,15.86,16.68,17.56,2024/08/09
2024-08-12,16.2,16.45,16.1,16.15,15.96,16.56,17.42,2024/08/12
2024-08-13,16.25,16.25,15.9,16.0,16.08,16.42,17.26,2024/08/13
2024-08-14,16.15,16.35,16.0,16.25,16.11,16.29,17.13,2024/08/14
2024-08-15,16.3,16.3,16.0,16.0,16.12,16.1,16.98,2024/08/15
2024-08-16,16.2,16.35,16.15,16.15,16.11,15.98,16.85,2024/08/16
2024-08-19,16.2,16.2,15.9,15.95,16.07,16.02,16.71,2024/08/19
2024-08-20,16.15,16.15,15.9,15.9,16.05,16.07,16.6,2024/08/20
2024-08-21,16.05,16.1,15.9,16.0,16.0,16.06,16.53,2024/08/21
2024-08-22,16.05,16.05,15.95,16.05,16.01,16.06,16.44,2024/08/22
2024-08-23,15.95,15.95,15.7,15.85,15.95,16.03,16.35,2024/08/23
2024-08-26,16.0,16.5,15.95,16.5,16.06,16.07,16.31,2024/08/26
2024-08-27,16.3,16.45,16.1,16.45,16.17,16.11,16.26,2024/08/27
2024-08-28,16.35,16.45,16.25,16.35,16.24,16.12,16.21,2024/08/28
2024-08-29,16.25,16.4,16.15,16.3,16.29,16.15,16.13,2024/08/29
2024-08-30,16.3,16.7,16.3,16.5,16.42,16.18,16.08,2024/08/30
2024-09-02,16.6,16.65,16.35,16.35,16.39,16.23,16.12,2024/09/02
2024-09-03,16.3,16.4,16.15,16.15,16.33,16.25,16.16,2024/09/03
2024-09-04,15.65,16.15,15.15,15.25,16.11,16.18,16.12,2024/09/04
2024-09-05,15.4,15.95,15.3,15.35,15.92,16.1,16.08,2024/09/05
2024-09-06,15.45,15.55,15.3,15.45,15.71,16.07,16.05,2024/09/06
2024-09-09,15.0,15.35,14.85,15.3,15.5,15.94,16.01,2024/09/09
2024-09-10,15.4,15.45,15.15,15.25,15.32,15.82,15.97,2024/09/10
2024-09-11,15.2,15.3,15.05,15.1,15.29,15.7,15.91,2024/09/11
2024-09-12,15.35,15.5,15.15,15.5,15.32,15.62,15.88,2024/09/12
2024-09-13,15.35,15.7,15.3,15.6,15.35,15.53,15.86,2024/09/13
2024-09-16,15.6,15.8,15.6,15.7,15.43,15.46,15.85,2024/09/16
2024-09-18,15.7,15.85,15.5,15.5,15.48,15.4,15.82,2024/09/18
2024-09-19,15.65,16.1,15.65,16.05,15.67,15.48,15.83,2024/09/19
2024-09-20,16.05,16.2,15.9,16.15,15.8,15.56,15.83,2024/09/20
2024-09-23,16.25,16.25,15.95,15.95,15.87,15.61,15.84,2024/09/23
2024-09-24,15.95,16.05,15.8,15.95,15.92,15.68,15.81,2024/09/24
2024-09-25,16.05,16.45,16.05,16.2,16.06,15.77,15.8,2024/09/25
2024-09-26,16.4,16.4,16.15,16.15,16.08,15.88,15.79,2024/09/26
2024-09-27,16.35,17.75,16.3,17.75,16.4,16.1,15.86,2024/09/27
2024-09-30,18.45,19.15,17.85,18.7,16.95,16.41,15.97,2024/09/30
2024-10-01,18.45,19.0,18.05,18.75,17.51,16.71,16.09,2024/10/01
2024-10-04,19.05,19.65,18.75,19.1,18.09,17.08,16.24,2024/10/04
2024-10-07,19.15,19.5,18.8,18.95,18.65,17.36,16.42,2024/10/07
2024-10-08,18.8,19.0,17.95,18.0,18.7,17.55,16.56,2024/10/08
2024-10-09,18.0,18.1,17.3,17.3,18.42,17.68,16.65,2024/10/09
2024-10-11,17.3,17.4,16.8,16.85,18.04,17.77,16.73,2024/10/11
2024-10-14,16.8,16.9,16.35,16.7,17.56,17.82,16.8,2024/10/14
2024-10-15,16.85,17.1,16.6,16.8,17.13,17.89,16.88,2024/10/15
2024-10-16,16.65,18.1,16.35,17.75,17.08,17.89,16.99,2024/10/16
2024-10-17,17.75,18.1,17.3,17.6,17.14,17.78,17.1,2024/10/17
2024-10-18,17.6,17.6,17.2,17.4,17.25,17.65,17.18,2024/10/18
2024-10-21,17.6,18.95,17.45,18.7,17.65,17.6,17.34,2024/10/21
2024-10-22,18.7,18.75,18.1,18.35,17.96,17.55,17.45,2024/10/22
2024-10-23,18.5,19.2,18.35,18.45,18.1,17.59,17.57,2024/10/23
2024-10-24,19.3,19.8,18.2,18.4,18.26,17.7,17.69,2024/10/24
2024-10-25,18.25,18.75,17.9,18.6,18.5,17.88,17.82,2024/10/25
2024-10-28,19.3,20.0,18.75,19.85,18.73,18.19,18.01,2024/10/28
2024-10-29,20.05,20.05,19.3,19.85,19.03,18.49,18.19,2024/10/29
2024-10-30,19.7,19.8,19.25,19.45,19.23,18.66,18.28,2024/10/30
2024-11-01,19.0,19.8,18.9,19.65,19.48,18.87,18.32,2024/11/01
2024-11-04,19.5,19.6,19.3,19.5,19.66,19.08,18.36,2024/11/04
2024-11-05,19.25,19.65,19.0,19.6,19.61,19.17,18.39,2024/11/05
2024-11-06,19.5,19.75,19.2,19.45,19.53,19.28,18.41,2024/11/06
2024-11-07,19.45,19.8,19.25,19.75,19.59,19.41,18.5,2024/11/07
2024-11-08,19.8,20.4,19.05,19.4,19.54,19.51,18.6,2024/11/08
2024-11-11,19.45,19.5,18.9,18.95,19.43,19.54,18.71,2024/11/11
2024-11-12,18.75,18.75,18.25,18.4,19.19,19.4,18.79,2024/11/12
2024-11-13,18.2,18.6,18.15,18.25,18.95,19.24,18.87,2024/11/13
2024-11-14,18.15,18.4,17.75,17.9,18.58,19.08,18.88,2024/11/14
2024-11-15,17.95,18.8,17.95,18.25,18.35,18.94,18.91,2024/11/15
2024-11-18,18.4,18.6,18.1,18.15,18.19,18.81,18.94,2024/11/18
2024-11-19,18.25,18.45,18.1,18.4,18.19,18.69,18.93,2024/11/19
2024-11-20,18.3,18.45,17.85,18.05,18.15,18.55,18.92,2024/11/20
2024-11-21,17.95,19.85,17.8,19.5,18.47,18.52,18.97,2024/11/21
2024-11-22,19.4,20.8,19.35,20.65,18.95,18.65,19.08,2024/11/22
2024-11-25,21.05,21.5,20.0,21.1,19.54,18.87,19.21,2024/11/25
2024-11-26,20.95,21.3,20.5,20.7,20.0,19.1,19.25,2024/11/26
2024-11-27,20.6,20.8,19.55,19.95,20.38,19.26,19.25,2024/11/27
2024-11-28,19.85,20.5,19.15,19.45,20.37,19.42,19.25,2024/11/28
2024-11-29,19.3,20.35,19.15,20.2,20.28,19.61,19.28,2024/11/29
2024-12-02,20.5,20.6,19.7,20.15,20.09,19.81,19.31,2024/12/02
2024-12-03,20.4,20.45,19.95,20.0,19.95,19.98,19.33,2024/12/03
2024-12-04,20.1,21.2,19.95,20.5,20.06,20.22,19.38,2024/12/04
2024-12-05,20.6,20.7,19.65,19.85,20.14,20.26,19.39,2024/12/05
2024-12-06,20.0,20.05,19.15,19.15,19.93,20.1,19.38,2024/12/06
2024-12-09,19.15,19.15,18.55,18.55,19.61,19.85,19.36,2024/12/09
2024-12-10,18.75,20.15,18.75,18.85,19.38,19.66,19.38,2024/12/10
2024-12-11,18.85,19.7,18.65,19.5,19.18,19.62,19.44,2024/12/11
2024-12-12,19.45,19.5,18.8,18.9,18.99,19.57,19.49,2024/12/12
2024-12-13,18.95,19.0,18.5,18.5,18.86,19.4,19.51,2024/12/13
2024-12-16,18.55,18.65,17.7,17.75,18.7,19.16,19.48,2024/12/16
2024-12-17,17.85,18.2,17.8,17.9,18.51,18.94,19.46,2024/12/17
2024-12-18,17.85,18.2,17.6,17.75,18.16,18.67,19.44,2024/12/18
2024-12-19,17.5,18.05,17.35,17.85,17.95,18.47,19.36,2024/12/19
2024-12-20,17.85,17.95,17.3,17.5,17.75,18.3,19.21,2024/12/20
2024-12-23,17.6,17.75,17.3,17.35,17.67,18.18,19.02,2024/12/23
2024-12-24,17.45,17.9,17.15,17.2,17.53,18.02,18.84,2024/12/24
2024-12-25,17.35,17.35,16.9,17.2,17.42,17.79,18.71,2024/12/25
2024-12-26,17.1,17.35,16.8,16.9,17.23,17.59,18.58,2024/12/26
2024-12-27,17.0,17.0,16.5,16.7,17.07,17.41,18.4,2024/12/27
2024-12-30,16.7,16.85,16.6,16.65,16.93,17.3,18.23,2024/12/30
2024-12-31,16.6,16.6,16.3,16.35,16.76,17.14,18.04,2024/12/31
2025-01-02,16.35,16.45,16.05,16.1,16.54,16.98,17.82,2025/01/02
2025-01-03,16.2,16.4,16.0,16.0,16.36,16.79,17.63,2025/01/03
2025-01-06,16.2,16.35,16.0,16.3,16.28,16.68,17.49,2025/01/06
2025-01-07,16.4,16.45,15.75,15.75,16.1,16.52,17.35,2025/01/07
2025-01-08,15.75,15.8,15.55,15.7,15.97,16.36,17.19,2025/01/08
2025-01-09,15.7,15.75,15.15,15.2,15.79,16.16,16.98,2025/01/09
2025-01-10,15.2,15.3,14.95,15.0,15.59,15.98,16.78,2025/01/10
2025-01-13,15.0,15.2,14.6,15.1,15.35,15.82,16.61,2025/01/13
2025-01-14,15.15,15.45,15.0,15.3,15.26,15.68,16.49,2025/01/14
2025-01-15,15.3,15.75,15.25,15.45,15.21,15.59,16.37,2025/01/15
2025-01-16,15.65,15.85,15.55,15.6,15.29,15.54,16.26,2025/01/16
2025-01-17,15.7,16.5,15.7,16.3,15.55,15.57,16.18,2025/01/17
2025-01-20,16.3,17.05,15.95,16.9,15.91,15.63,16.15,2025/01/20
2025-01-21,17.1,17.3,16.75,16.9,16.23,15.74,16.13,2025/01/21
2025-01-22,16.95,17.0,16.65,16.8,16.5,15.86,16.11,2025/01/22
2025-02-03,16.5,16.95,16.15,16.8,16.74,16.01,16.09,2025/02/03
2025-02-04,17.0,17.0,16.25,16.4,16.76,16.15,16.07,2025/02/04
2025-02-05,16.5,16.7,16.4,16.6,16.7,16.3,16.06,2025/02/05
2025-02-06,16.65,18.1,16.6,17.85,16.89,16.56,16.12,2025/02/06
2025-02-07,18.2,18.35,17.45,17.6,17.05,16.77,16.18,2025/02/07
2025-02-10,17.9,18.0,17.4,17.5,17.19,16.96,16.25,2025/02/10
2025-02-11,17.3,17.55,16.6,16.65,17.24,17.0,16.28,2025/02/11
2025-02-12,16.75,17.0,16.6,16.6,17.24,16.97,16.3,2025/02/12
2025-02-13,16.75,17.5,16.65,17.4,17.15,17.02,16.38,2025/02/13
2025-02-14,17.25,17.45,17.05,17.15,17.06,17.06,16.46,2025/02/14
2025-02-17,17.3,17.4,16.9,16.95,16.95,17.07,16.54,2025/02/17
2025-02-18,17.05,17.25,16.55,16.65,16.95,17.1,16.62,2025/02/18
2025-02-19,16.6,17.3,16.6,16.8,16.99,17.12,16.71,2025/02/19
2025-02-20,16.75,17.05,16.4,16.7,16.85,17.0,16.78,2025/02/20
2025-02-21,16.7,16.9,16.5,16.8,16.78,16.92,16.85,2025/02/21
2025-02-24,16.65,16.75,16.25,16.45,16.68,16.81,16.89,2025/02/24
2025-02-25,16.3,16.55,16.25,16.45,16.64,16.79,16.9,2025/02/25
2025-02-26,16.45,17.25,16.35,16.9,16.66,16.82,16.9,2025/02/26
2025-02-27,17.2,17.7,16.8,16.95,16.71,16.78,16.9,2025/02/27
2025-03-03,16.8,17.0,16.55,16.7,16.69,16.74,16.9,2025/03/03
2025-03-04,16.5,16.55,16.25,16.4,16.68,16.68,16.88,2025/03/04
2025-03-05,16.45,16.85,16.3,16.7,16.73,16.68,16.89,2025/03/05
2025-03-06,16.7,17.15,16.55,17.0,16.75,16.71,16.91,2025/03/06
2025-03-07,17.05,17.4,16.8,16.8,16.72,16.72,16.86,2025/03/07
2025-03-10,17.25,18.3,17.25,17.95,16.97,16.83,16.88,2025/03/10
2025-03-11,17.8,18.05,17.45,17.95,17.28,16.98,16.9,2025/03/11
2025-03-12,17.85,17.9,17.3,17.35,17.41,17.07,16.93,2025/03/12
2025-03-13,17.6,18.15,17.25,17.65,17.54,17.14,16.98,2025/03/13
2025-03-14,18.5,18.6,17.5,17.7,17.72,17.22,17.0,2025/03/14
2025-03-17,17.75,17.95,17.5,17.55,17.64,17.3,17.02,2025/03/17
2025-03-18,17.65,17.7,17.15,17.15,17.48,17.38,17.03,2025/03/18
2025-03-19,17.25,17.4,17.1,17.35,17.48,17.44,17.07,2025/03/19
2025-03-20,17.35,17.65,17.2,17.25,17.4,17.47,17.09,2025/03/20
2025-03-21,17.2,17.75,17.1,17.3,17.32,17.52,17.12,2025/03/21
2025-03-24,17.5,18.05,17.35,17.5,17.31,17.48,17.15,2025/03/24
2025-03-25,17.75,17.8,17.05,17.05,17.29,17.38,17.18,2025/03/25
2025-03-26,17.15,17.6,17.1,17.4,17.3,17.39,17.23,2025/03/26
2025-03-27,17.2,17.7,17.2,17.55,17.36,17.38,17.26,2025/03/27
2025-03-28,17.45,17.5,16.85,16.95,17.29,17.3,17.26,2025/03/28
2025-03-31,16.55,16.7,15.9,16.05,17.0,17.16,17.23,2025/03/31
2025-04-01,16.05,16.6,16.05,16.5,16.89,17.09,17.24,2025/04/01
2025-04-02,16.55,17.6,16.35,16.7,16.75,17.02,17.24,2025/04/02
2025-04-07,15.05,15.05,15.05,15.05,16.25,16.8,17.14,2025/04/07
2025-04-08,13.6,14.4,13.55,13.55,15.57,16.43,16.98,2025/04/08
2025-04-09,13.35,13.35,12.2,12.2,14.8,15.9,16.69,2025/04/09
2025-04-10,13.4,13.4,13.2,13.4,14.18,15.54,16.46,2025/04/10
2025-04-11,13.05,13.7,12.95,13.7,13.58,15.16,16.28,2025/04/11
2025-04-14,13.85,14.25,13.85,14.05,13.38,14.82,16.1,2025/04/14
2025-04-15,14.25,14.55,14.05,14.3,13.53,14.55,15.93,2025/04/15
2025-04-16,14.3,14.45,13.85,13.9,13.87,14.34,15.74,2025/04/16
2025-04-17,13.7,14.1,13.55,14.0,13.99,14.08,15.59,2025/04/17
2025-04-18,14.05,14.25,13.9,14.2,14.09,13.84,15.43,2025/04/18
2025-04-21,14.1,14.1,13.75,13.8,14.04,13.71,15.26,2025/04/21
2025-04-22,13.7,13.95,13.6,13.8,13.94,13.74,15.08,2025/04/22
2025-04-23,14.1,14.2,14.0,14.15,13.99,13.93,14.92,2025/04/23
2025-04-24,14.25,14.25,13.9,14.0,13.99,13.99,14.76,2025/04/24
2025-04-25,14.2,14.25,14.05,14.15,13.98,14.04,14.6,2025/04/25
2025-04-28,14.2,14.25,14.0,14.2,14.06,14.05,14.43,2025/04/28
2025-04-29,14.2,14.4,14.1,14.35,14.17,14.06,14.3,2025/04/29
2025-04-30,14.35,14.45,14.05,14.05,14.15,14.07,14.2,2025/04/30
2025-05-02,14.15,14.5,14.15,14.35,14.22,14.1,14.1,2025/05/02
2025-05-05,14.5,14.6,14.1,14.35,14.26,14.12,13.98,2025/05/05
2025-05-06,14.35,14.5,14.3,14.4,14.3,14.18,13.94,2025/05/06
2025-05-07,14.5,14.8,14.3,14.5,14.33,14.25,13.99,2025/05/07
2025-05-08,14.6,14.95,14.45,14.45,14.41,14.28,14.1,2025/05/08
2025-05-09,14.45,14.65,14.1,14.55,14.45,14.34,14.16,2025/05/09
2025-05-12,14.65,14.85,14.6,14.75,14.53,14.4,14.22,2025/05/12
2025-05-13,14.9,15.0,14.55,14.65,14.58,14.44,14.24,2025/05/13
2025-05-14,14.75,14.85,14.65,14.8,14.64,14.48,14.27,2025/05/14
2025-05-15,14.8,14.8,14.6,14.6,14.67,14.54,14.31,2025/05/15
2025-05-16,14.65,14.8,14.6,14.65,14.69,14.57,14.34,2025/05/16
2025-05-19,14.7,14.7,14.25,14.25,14.59,14.56,14.34,2025/05/19
2025-05-20,14.45,14.45,14.2,14.25,14.51,14.54,14.36,2025/05/20
2025-05-21,14.3,14.45,14.25,14.4,14.43,14.54,14.39,2025/05/21
2025-05-22,14.25,14.25,14.0,14.05,14.32,14.5,14.39,2025/05/22
2025-05-23,14.0,14.6,13.95,14.3,14.25,14.47,14.4,2025/05/23
2025-05-26,14.3,14.35,14.0,14.25,14.25,14.42,14.41,2025/05/26
2025-05-27,14.95,15.65,14.75,15.65,14.53,14.52,14.48,2025/05/27
2025-05-28,16.0,16.9,15.7,16.15,14.88,14.66,14.57,2025/05/28
2025-05-29,16.3,16.4,15.3,15.4,15.15,14.74,14.64,2025/05/29
2025-06-02,15.4,15.55,14.85,14.85,15.26,14.76,14.66,2025/06/02
2025-06-03,15.85,16.0,14.8,14.9,15.39,14.82,14.69,2025/06/03
2025-06-04,15.0,15.9,14.9,15.45,15.35,14.94,14.74,2025/06/04
2025-06-05,15.2,15.75,15.15,15.7,15.26,15.07,14.8,2025/06/05
2025-06-06,15.5,15.8,15.35,15.55,15.29,15.22,14.86,2025/06/06
2025-06-09,15.5,17.1,15.05,17.1,15.74,15.5,14.99,2025/06/09
2025-06-10,17.1,17.25,16.6,16.6,16.08,15.74,15.08,2025/06/10
2025-06-11,16.6,17.0,16.3,16.8,16.35,15.85,15.18,2025/06/11
2025-06-12,16.85,17.15,16.45,16.45,16.5,15.88,15.27,2025/06/12
2025-06-13,16.3,16.9,16.1,16.4,16.67,15.98,15.36,2025/06/13
2025-06-16,16.2,16.65,16.1,16.45,16.54,16.14,15.45,2025/06/16
2025-06-17,16.55,16.65,16.25,16.3,16.48,16.28,15.55,2025/06/17
2025-06-18,16.25,16.45,16.1,16.15,16.35,16.35,15.65,2025/06/18
2025-06-19,16.1,16.15,15.8,15.9,16.24,16.37,15.72,2025/06/19
2025-06-20,15.9,16.05,15.5,15.55,16.07,16.37,15.79,2025/06/20
2025-06-23,15.4,15.8,15.25,15.7,15.92,16.23,15.86,2025/06/23
2025-06-24,15.95,16.8,15.8,16.6,15.98,16.23,15.98,2025/06/24
2025-06-25,16.5,16.6,16.1,16.1,15.97,16.16,16.01,2025/06/25
2025-06-26,16.15,16.35,16.1,16.2,16.03,16.13,16.01,2025/06/26
2025-06-27,16.2,16.35,15.8,16.0,16.12,16.1,16.04,2025/06/27
2025-06-30,16.05,16.35,15.9,16.0,16.18,16.05,16.1,2025/06/30
2025-07-01,16.1,16.2,15.8,15.85,16.03,16.0,16.14,2025/07/01
2025-07-02,15.8,16.15,15.7,16.05,16.02,16.0,16.17,2025/07/02
2025-07-03,16.0,16.7,16.0,16.5,16.08,16.06,16.21,2025/07/03
2025-07-04,16.7,16.95,16.25,16.3,16.14,16.13,16.25,2025/07/04
2025-07-07,16.2,16.25,15.85,16.0,16.14,16.16,16.2,2025/07/07
2025-07-08,15.95,16.1,15.75,15.9,16.15,16.09,16.16,2025/07/08
2025-07-09,15.9,16.55,15.8,16.35,16.21,16.12,16.14,2025/07/09
2025-07-10,16.3,16.7,16.05,16.6,16.23,16.16,16.15,2025/07/10
2025-07-11,16.6,16.7,16.25,16.25,16.22,16.18,16.14,2025/07/11
2025-07-14,16.35,17.05,16.1,16.7,16.36,16.25,16.15,2025/07/14
2025-07-15,16.55,17.95,16.5,17.35,16.65,16.4,16.2,2025/07/15
2025-07-16,17.4,18.3,17.15,17.35,16.85,16.53,16.26,2025/07/16
2025-07-17,17.4,17.8,17.1,17.15,16.96,16.6,16.32,2025/07/17
2025-07-18,17.3,17.75,16.85,16.95,17.1,16.66,16.4,2025/07/18
2025-07-21,16.95,17.1,16.75,16.85,17.13,16.74,16.45,2025/07/21
2025-07-22,16.85,17.6,16.7,16.8,17.02,16.84,16.46,2025/07/22
2025-07-23,17.1,18.45,17.0,18.45,17.24,17.04,16.58,2025/07/23
2025-07-24,18.95,20.25,18.9,20.25,17.86,17.41,16.78,2025/07/24
2025-07-25,20.45,20.9,19.75,20.75,18.62,17.86,17.02,2025/07/25
2025-07-28,20.65,22.8,20.4,22.35,19.72,18.42,17.34,2025/07/28
2025-07-29,22.0,22.3,21.35,21.55,20.67,18.85,17.62,2025/07/29
2025-07-30,22.0,22.6,21.4,21.75,21.33,19.28,17.91,2025/07/30
2025-07-31,21.6,23.9,21.1,23.9,22.06,19.96,18.28,2025/07/31
2025-08-01,23.65,25.5,23.5,25.0,22.91,20.76,18.71,2025/08/01
2025-08-04,24.95,25.3,24.05,24.2,23.28,21.5,19.12,2025/08/04
2025-08-05,24.5,24.95,23.2,23.3,23.63,22.15,19.49,2025/08/05
2025-08-06,23.0,23.95,23.0,23.35,23.95,22.64,19.84,2025/08/06
2025-08-07,23.3,24.15,23.2,23.3,23.83,22.94,20.18,2025/08/07
2025-08-08,23.65,25.2,23.35,23.95,23.62,23.26,20.56,2025/08/08
2025-08-11,24.0,25.2,23.55,24.7,23.72,23.5,20.96,2025/08/11
2025-08-12,25.25,27.15,25.1,27.15,24.49,24.06,21.45,2025/08/12
2025-08-13,28.0,29.85,27.8,29.85,25.79,24.87,22.08,2025/08/13
2025-08-14,30.75,31.95,30.1,30.95,27.32,25.58,22.77,2025/08/14
2025-08-15,31.2,34.0,31.05,34.0,29.33,26.48,23.62,2025/08/15
2025-08-18,36.3,37.4,36.1,37.4,31.87,27.8,24.65,2025/08/18
2025-08-19,39.8,40.1,35.45,35.95,33.63,29.06,25.6,2025/08/19
2025-08-20,34.25,34.25,32.4,32.4,34.14,29.97,26.3,2025/08/20
2025-08-21,32.7,32.75,31.2,32.7,34.49,30.9,26.92,2025/08/21
2025-08-22,32.75,32.75,31.0,32.05,34.1,31.72,27.49,2025/08/22
2025-08-25,32.75,33.4,31.75,33.4,33.3,32.58,28.04,2025/08/25
2025-08-26,32.9,33.8,32.7,33.4,32.79,33.21,28.64,2025/08/26
2025-08-27,33.95,35.75,33.9,34.3,33.17,33.65,29.26,2025/08/27
2025-08-28,34.3,34.9,33.3,34.55,33.54,34.02,29.8,2025/08/28
2025-08-29,35.0,35.35,34.0,35.3,34.19,34.14,30.31,2025/08/29
2025-09-01,34.55,34.8,31.8,31.9,33.89,33.6,30.7,2025/09/01
2025-09-02,32.1,32.65,28.75,28.75,32.96,32.88,30.97,2025/09/02
2025-09-03,29.0,29.4,28.85,29.0,31.9,32.53,31.25,2025/09/03
2025-09-04,29.15,29.15,27.45,27.65,30.52,32.03,31.47,2025/09/04
2025-09-05,28.35,29.4,26.3,27.65,28.99,31.59,31.65,2025/09/05
2025-09-08,28.35,28.4,26.8,27.3,28.07,30.98,31.78,2025/09/08
2025-09-09,28.25,30.0,28.05,29.9,28.3,30.63,31.92,2025/09/09
2025-09-10,29.9,30.0,27.85,28.0,28.1,30.0,31.83,2025/09/10
2025-09-11,28.15,28.45,26.6,26.85,27.94,29.23,31.62,2025/09/11
2025-09-12,27.3,27.3,25.85,25.95,27.6,28.3,31.22,2025/09/12
2025-09-15,26.05,26.3,25.25,25.65,27.27,27.67,30.63,2025/09/15
2025-09-16,26.05,26.1,25.55,25.65,26.42,27.36,30.12,2025/09/16
2025-09-17,25.7,26.0,25.35,25.95,26.01,27.06,29.8,2025/09/17
2025-09-18,26.0,26.1,25.3,25.85,25.81,26.88,29.45,2025/09/18
2025-09-19,25.8,27.7,25.35,26.55,25.93,26.76,29.18,2025/09/19
2025-09-22,26.55,26.9,25.9,26.85,26.17,26.72,28.85,2025/09/22
2025-09-23,27.2,27.3,25.85,25.95,26.23,26.32,28.48,2025/09/23
2025-09-24,26.1,26.7,25.55,26.6,26.36,26.18,28.09,2025/09/24
2025-09-25,26.6,29.25,26.55,28.7,26.93,26.37,27.8,2025/09/25
2025-09-26,28.8,28.85,25.9,26.15,26.85,26.39,27.34,2025/09/26
2025-09-30,26.5,27.7,26.45,27.4,26.96,26.57,27.12,2025/09/30
2025-10-01,27.65,29.2,27.2,27.95,27.36,26.8,27.08,2025/10/01
2025-10-02,28.5,28.8,26.85,27.1,27.46,26.91,26.98,2025/10/02
2025-10-03,27.2,27.95,26.85,27.8,27.28,27.1,26.99,2025/10/03
2025-10-07,27.8,30.55,27.5,30.55,28.16,27.51,27.14,2025/10/07
2025-10-08,30.95,31.9,30.1,31.65,29.01,27.98,27.35,2025/10/08
2025-10-09,32.05,32.65,31.15,31.75,29.77,28.56,27.44,2025/10/09
2025-10-13,29.0,31.35,29.0,30.55,30.46,28.96,27.57,2025/10/13
2025-10-14,31.0,31.3,28.15,28.55,30.61,28.94,27.66,2025/10/14
2025-10-15,28.7,29.15,27.9,28.85,30.27,29.22,27.8,2025/10/15
2025-10-16,28.9,29.9,28.85,29.25,29.79,29.4,27.98,2025/10/16
2025-10-17,29.0,29.0,28.15,28.2,29.08,29.42,28.11,2025/10/17
2025-10-20,28.3,28.6,27.85,28.0,28.57,29.52,28.21,2025/10/20
2025-10-21,28.2,28.8,28.05,28.1,28.48,29.55,28.32,2025/10/21
2025-10-22,28.2,28.6,27.65,27.8,28.27,29.27,28.39,2025/10/22
2025-10-23,27.9,27.9,27.3,27.65,27.95,28.87,28.43,2025/10/23
2025-10-27,28.1,28.7,27.9,28.3,27.97,28.52,28.54,2025/10/27
2025-10-28,28.5,29.0,27.9,28.95,28.16,28.36,28.66,2025/10/28
2025-10-29,29.2,29.3,27.95,28.15,28.17,28.32,28.64,2025/10/29
2025-10-30,28.35,28.35,27.15,28.0,28.21,28.24,28.73,2025/10/30
2025-10-31,27.9,29.85,27.85,28.0,28.28,28.12,28.76,2025/10/31
2025-11-03,28.4,29.4,28.4,29.0,28.42,28.2,28.81,2025/11/03
2025-11-04,29.65,30.0,28.05,28.45,28.32,28.24,28.88,2025/11/04
2025-11-05,27.8,29.3,27.4,29.0,28.49,28.33,28.94,2025/11/05
2025-11-06,29.1,30.8,28.8,30.2,28.93,28.57,28.92,2025/11/06
2025-11-07,29.9,30.2,28.6,28.85,29.1,28.69,28.78,2025/11/07
2025-11-10,28.95,29.4,28.4,29.15,29.13,28.78,28.65,2025/11/10
2025-11-11,29.15,32.05,29.05,32.05,29.85,29.08,28.72,2025/11/11
2025-11-12,33.4,35.25,33.3,35.25,31.1,29.8,29.06,2025/11/12
2025-11-13,35.85,38.35,35.25,36.05,32.27,30.6,29.42,2025/11/13
2025-11-14,35.5,37.05,34.85,35.0,33.5,31.3,29.71,2025/11/14
2025-11-17,36.5,37.1,32.0,32.35,34.14,31.64,29.92,2025/11/17
2025-11-18,32.05,32.4,30.5,30.8,33.89,31.87,30.06,2025/11/18
2025-11-19,30.9,31.5,30.2,31.15,33.07,32.08,30.21,2025/11/19
2025-11-20,32.55,34.25,32.35,34.25,32.71,32.49,30.53,2025/11/20
2025-11-21,32.5,32.9,31.05,32.45,32.2,32.85,30.77,2025/11/21
2025-11-24,32.95,34.3,32.6,33.0,32.33,33.24,31.01,2025/11/24
2025-11-25,33.8,34.2,31.9,32.45,32.66,33.28,31.18,2025/11/25
2025-11-26,32.7,32.95,31.4,31.4,32.71,32.89,31.34,2025/11/26
2025-11-27,31.9,33.2,31.75,33.1,32.48,32.6,31.6,2025/11/27
2025-11-28,33.35,36.3,33.2,35.75,33.14,32.67,31.98,2025/11/28
2025-12-01,36.45,36.8,33.3,35.25,33.59,32.96,32.3,2025/12/01
2025-12-02,35.3,37.7,34.7,37.1,34.52,33.59,32.73,2025/12/02
2025-12-03,37.6,38.0,35.6,35.9,35.42,34.07,33.08,2025/12/03
2025-12-04,35.6,35.75,34.2,34.65,35.73,34.11,33.3,2025/12/04
2025-12-05,34.85,36.45,34.2,36.45,35.87,34.51,33.68,2025/12/05
