title,href
[負雷]黑豹-失衡的烏托邦,/bbs/movie/M.1529245622.A.AF5.html
[負雷] 四不像的黑豹,/bbs/movie/M.1527918611.A.56C.html
[微負雷] 黑豹有點讓人失望....,/bbs/movie/M.1527839684.A.EF0.html
[負雷] 是不是有精神分裂的黑豹,/bbs/movie/M.1526734538.A.5E2.html
[負雷] 黑豹,/bbs/movie/M.1520322497.A.E24.html
[負雷]黑豹  最差漫威電影,/bbs/movie/M.1519931938.A.207.html
[  微負雷] 黑豹,/bbs/movie/M.1519721961.A.471.html
[負雷] 黑豹 Black Panther，暴力與分享,/bbs/movie/M.1518961786.A.79E.html
[  負雷] 隨便拍拍隨便買單的「黑豹」,/bbs/movie/M.1518934190.A.F7B.html
[負雷] 只有政治正確的  黑豹,/bbs/movie/M.1518809750.A.4E0.html
[負雷]黑豹：除了美術視覺，其餘毫無魅力,/bbs/movie/M.1518808279.A.FC9.html
[睡負無雷] 看黑豹看到睡著,/bbs/movie/M.1518774686.A.889.html
[小負雷] 黑豹-請修邊幅可以嗎?(內有雷),/bbs/movie/M.1518761310.A.05C.html
[爛無雷] 千萬不要期待的黑豹,/bbs/movie/M.1518758578.A.8F0.html
[普負雷] 輸不起的黑豹,/bbs/movie/M.1518714311.A.957.html
[  負雷] 黑豹-鋪陳復3的跳板,/bbs/movie/M.1518684255.A.489.html
[ 負雷] 黑豹,/bbs/movie/M.1518670825.A.A31.html
[普負雷] 黑豹出戲點,/bbs/movie/M.1518642702.A.497.html
[負雷] 黑豹特遣隊,/bbs/movie/M.1518609915.A.835.html
[負雷] 家天下黑豹,/bbs/movie/M.1518596627.A.3E0.html
[負雷] 失望的黑豹(補個優點),/bbs/movie/M.1518577527.A.4BB.html
[負雷] 真的過譽的黑豹.........,/bbs/movie/M.1518536086.A.B1E.html
[負雷] 黑豹天下,/bbs/movie/M.1518534403.A.ECB.html
[  負雷] 讓人失望的黑豹,/bbs/movie/M.1518529744.A.586.html
[普負雷]  一片歐罵罵的黑豹,/bbs/movie/M.1518513719.A.462.html
[微負雷] 黑豹 相較其他marvel片有點可惜,/bbs/movie/M.1518510319.A.1DC.html
[負雷]黑豹,/bbs/movie/M.1518495315.A.E27.html
