title,href
[好雷]黑豹 — 符合台灣政治的隱喻分析,/bbs/movie/M.1525369009.A.CFA.html
[好雷] 黑豹：一部政治寓言,/bbs/movie/M.1521128014.A.19B.html
[好雷]黑豹，好看但可惜的反派,/bbs/movie/M.1520467155.A.8E5.html
[好雷] 黑豹心得,/bbs/movie/M.1519920385.A.14A.html
[ 好雷] 唯一缺憾的黑豹,/bbs/movie/M.1519908058.A.B99.html
[好雷] 黑豹 感想 微負評,/bbs/movie/M.1519841715.A.3BF.html
[核心好雷] 黑豹-科技與部落的反差萌 人權與人道議題,/bbs/movie/M.1519812809.A.DC3.html
[普好雷] 立體的世界，被一掌拍平，淺談【黑豹】,/bbs/movie/M.1519787493.A.BFD.html
[有意見好雷] 比上沒得比，比下有餘的黑豹,/bbs/movie/M.1519734682.A.979.html
[好雷] 黑豹 ~ 屬於黑人的童話故事,/bbs/movie/M.1519618436.A.EA0.html
[ 好 雷] 黑豹,/bbs/movie/M.1519572758.A.D3C.html
[好雷]黑豹 王者的抉擇,/bbs/movie/M.1519544126.A.E20.html
[好雷] 黑豹就真的很好看咩~,/bbs/movie/M.1519356550.A.A17.html
[ 普好雷] 黑豹,/bbs/movie/M.1519142286.A.7CD.html
[好雷] 黑豹,/bbs/movie/M.1519070229.A.DE9.html
[好雷] 黑豹：王者路大不易,/bbs/movie/M.1519042966.A.803.html
[微好雷]《黑豹》　春秋五霸的基本套路,/bbs/movie/M.1518991149.A.BDD.html
[好雷]黑豹 不太一樣的超級英雄,/bbs/movie/M.1518963410.A.A2E.html
[好雷] 黑豹 其實我比較喜歡反派@@,/bbs/movie/M.1518939706.A.D48.html
[好雷] 黑豹 Black Panther，非洲未來主義,/bbs/movie/M.1518893529.A.3AD.html
[好雷]  黑豹： 智者造橋，愚者築牆,/bbs/movie/M.1518860486.A.B45.html
[微好雷] 黑豹的電影配樂,/bbs/movie/M.1518848376.A.BBB.html
[好無雷] 黑豹,/bbs/movie/M.1518802967.A.D32.html
[好雷] 黑豹  沒有大家說的那麼糟啦,/bbs/movie/M.1518793606.A.036.html
[好雷] 黑豹,/bbs/movie/M.1518778797.A.C52.html
[普好雷] 黑豹:Do you know da way?,/bbs/movie/M.1518769142.A.229.html
[普好雷] 黑豹 來談談角色動機吧,/bbs/movie/M.1518703695.A.0DC.html
