日期_str,開盤價,最高價,最低價,收盤價,MA5,MA10,MA20
2021/01/04,93.4,100.0,93.3,99.9,99.9,99.9,99.9
2021/01/05,101.0,105.0,101.0,104.0,101.95,101.95,101.95
2021/01/06,107.5,109.0,102.0,105.0,102.97,102.97,102.97
2021/01/07,108.0,108.0,105.5,107.0,103.98,103.98,103.98
2021/01/08,109.0,109.5,106.0,108.0,104.78,104.78,104.78
2021/01/11,108.0,109.0,106.5,107.5,106.3,105.23,105.23
2021/01/12,106.5,107.0,103.0,104.0,106.3,105.06,105.06
2021/01/13,105.0,107.0,105.0,106.5,106.6,105.24,105.24
2021/01/14,109.0,117.0,108.0,116.0,108.4,106.43,106.43
2021/01/15,118.0,119.0,113.0,115.5,109.9,107.34,107.34
2021/01/18,115.5,116.0,111.0,114.0,111.2,108.75,107.95
2021/01/19,115.0,116.5,114.0,115.0,113.4,109.85,108.53
2021/01/20,116.5,118.5,114.0,114.5,115.0,110.8,108.99
2021/01/21,116.5,117.5,115.0,117.0,115.2,111.8,109.56
2021/01/22,117.5,121.5,117.0,121.5,116.4,113.15,110.36
2021/01/25,122.0,124.0,117.5,123.0,118.2,114.7,111.15
2021/01/26,122.5,125.0,120.0,122.0,119.6,116.5,111.79
2021/01/27,124.0,124.5,122.5,123.0,121.3,118.15,112.41
2021/01/28,120.0,121.0,118.0,118.5,121.6,118.4,112.73
2021/01/29,119.0,120.0,111.5,111.5,119.6,118.0,112.67
2021/02/01,111.0,114.5,108.0,113.0,117.6,117.9,113.32
2021/02/02,115.0,118.0,114.0,116.5,116.5,118.05,113.95
2021/02/03,118.0,118.5,115.0,116.5,115.2,118.25,114.52
2021/02/04,114.5,116.0,113.0,114.0,114.3,117.95,114.88
2021/02/05,115.0,116.5,113.0,113.5,114.7,117.15,115.15
2021/02/17,115.0,116.0,112.5,114.0,114.9,116.25,115.48
2021/02/18,113.5,114.5,113.0,113.0,114.2,115.35,115.92
2021/02/19,112.0,112.5,109.5,110.0,112.9,114.05,116.1
2021/02/22,111.5,114.0,111.0,111.0,112.3,113.3,115.85
2021/02/23,109.5,112.5,108.5,111.5,111.9,113.3,115.65
2021/02/24,112.0,114.0,110.5,110.5,111.2,113.05,115.48
2021/02/25,115.0,116.5,114.0,116.5,111.9,113.05,115.55
2021/02/26,114.5,115.0,112.0,112.0,112.3,112.6,115.42
2021/03/02,114.5,114.5,112.0,112.0,112.5,112.4,115.18
2021/03/03,113.0,116.0,112.0,115.5,113.3,112.6,114.88
2021/03/04,115.5,116.0,112.0,114.5,114.1,112.65,114.45
2021/03/05,113.5,116.0,112.5,115.0,113.8,112.85,114.1
2021/03/08,116.0,116.5,113.0,113.5,114.1,113.2,113.62
2021/03/09,113.0,115.0,112.0,115.0,114.7,113.6,113.45
2021/03/10,116.0,117.0,115.0,115.5,114.7,114.0,113.65
2021/03/11,116.5,118.0,116.0,117.0,115.2,114.65,113.85
2021/03/12,117.5,120.0,117.5,120.0,116.2,115.0,114.02
2021/03/15,120.0,122.0,118.5,121.0,117.7,115.9,114.25
2021/03/16,121.5,123.5,121.0,123.0,119.3,117.0,114.7
2021/03/17,123.5,128.0,123.0,126.0,121.4,118.05,115.32
2021/03/18,128.0,131.5,128.0,129.5,123.9,119.55,116.1
2021/03/19,127.0,127.0,123.5,123.5,124.6,120.4,116.62
2021/03/22,124.0,130.0,124.0,130.0,126.4,122.05,117.62
2021/03/23,133.0,134.5,130.0,130.5,127.9,123.6,118.6
2021/03/24,130.0,132.0,126.5,128.0,128.3,124.85,119.42
2021/03/25,127.0,129.5,125.5,126.5,127.7,125.8,120.22
2021/03/26,127.5,128.0,126.0,126.5,128.3,126.45,120.72
2021/03/29,128.0,129.0,127.5,128.5,128.0,127.2,121.55
2021/03/30,129.5,130.0,128.5,129.5,127.8,127.85,122.42
2021/03/31,125.0,126.5,123.0,124.0,127.0,127.65,122.85
2021/04/01,124.5,125.5,120.5,121.5,126.0,126.85,123.2
2021/04/06,123.5,124.0,122.0,122.5,125.2,126.75,123.58
2021/04/07,124.0,124.5,122.5,123.5,124.2,126.1,124.08
2021/04/08,123.0,123.0,121.5,122.5,122.8,125.3,124.45
2021/04/09,123.0,123.0,120.0,120.0,122.0,124.5,124.68
2021/04/12,120.0,122.0,119.0,120.5,121.8,123.9,124.85
2021/04/13,121.5,123.0,121.0,122.5,121.8,123.5,124.98
2021/04/14,123.0,123.5,119.0,121.5,121.4,122.8,125.0
2021/04/15,121.0,121.0,119.5,121.0,121.1,121.95,124.9
2021/04/16,122.0,124.0,122.0,123.5,121.8,121.9,124.78
2021/04/19,123.5,123.5,121.5,121.5,122.0,121.9,124.38
2021/04/20,121.5,122.0,121.0,122.0,121.9,121.85,124.3
2021/04/21,121.0,121.5,120.0,120.0,121.6,121.5,123.8
2021/04/22,122.0,122.0,117.5,117.5,120.9,121.0,123.15
2021/04/23,117.0,119.0,117.0,119.0,120.0,120.9,122.7
2021/04/26,119.5,120.0,117.5,117.5,119.2,120.6,122.25
2021/04/27,118.5,120.5,118.0,118.5,118.5,120.2,121.85
2021/04/28,118.0,118.5,117.0,117.0,117.9,119.75,121.28
2021/04/29,118.0,118.5,116.0,116.0,117.6,119.25,120.6
2021/05/03,115.0,115.0,112.0,112.5,116.3,118.15,120.02
2021/05/04,112.0,112.0,107.5,108.5,114.5,116.85,119.38
2021/05/05,110.0,113.5,110.0,110.0,112.8,115.65,118.75
2021/05/06,112.0,113.0,110.5,112.5,111.9,114.9,118.2
2021/05/07,114.5,117.5,114.0,117.5,112.2,114.9,117.95
2021/05/10,116.0,116.5,113.0,113.0,112.3,114.3,117.6
2021/05/11,109.5,110.0,106.0,107.0,112.0,113.25,116.92
2021/05/12,104.0,106.5,96.5,102.0,110.4,111.6,115.9
2021/05/13,99.5,105.0,98.2,103.0,108.5,110.2,114.98
2021/05/14,105.0,106.0,103.5,104.5,105.9,109.05,114.15
2021/05/17,100.0,102.0,97.1,98.2,102.94,107.62,112.88
2021/05/18,101.5,107.5,101.0,107.0,102.94,107.47,112.16
2021/05/19,106.5,106.5,104.0,105.0,103.54,106.97,111.31
2021/05/20,105.0,106.5,104.5,106.0,104.14,106.32,110.61
2021/05/21,108.0,110.0,108.0,109.5,105.14,105.52,110.21
2021/05/24,108.5,110.0,108.0,109.5,107.4,105.17,109.73
2021/05/25,111.0,113.0,110.5,112.0,108.4,105.67,109.46
2021/05/26,113.5,113.5,110.5,111.5,109.7,106.62,109.11
2021/05/27,110.0,110.5,107.5,109.5,110.4,107.27,108.73
2021/05/28,110.5,111.5,110.0,111.0,110.7,107.92,108.48
2021/05/31,112.0,113.5,111.5,113.5,111.5,109.45,108.54
2021/06/01,114.5,115.0,113.5,114.5,112.0,110.2,108.84
2021/06/02,115.0,115.5,111.0,112.0,112.1,110.9,108.93
2021/06/03,113.0,113.0,110.5,111.0,112.4,111.4,108.86
2021/06/04,110.0,112.5,109.0,112.0,112.6,111.65,108.58
2021/06/07,112.5,112.5,109.0,110.5,112.0,111.75,108.46
2021/06/08,111.0,111.5,110.0,110.5,111.2,111.6,108.64
2021/06/09,110.0,111.0,109.5,109.5,110.7,111.4,109.01
2021/06/10,110.0,111.5,109.5,110.5,110.6,111.5,109.38
2021/06/11,111.5,114.5,111.5,113.5,110.9,111.75,109.84
2021/06/15,113.5,114.5,112.0,113.0,111.4,111.7,110.58
2021/06/16,112.0,113.0,111.5,111.5,111.6,111.4,110.8
2021/06/17,110.5,113.0,110.0,113.0,112.3,111.5,111.2
2021/06/18,112.5,113.0,111.5,111.5,112.5,111.55,111.48
2021/06/21,110.5,110.5,108.5,108.5,111.5,111.2,111.42
2021/06/22,109.5,110.0,108.5,108.5,110.6,111.0,111.38
2021/06/23,109.0,112.0,108.5,111.5,110.6,111.1,111.35
2021/06/24,111.5,114.0,111.0,113.0,110.6,111.45,111.42
2021/06/25,114.0,115.0,113.0,113.0,110.9,111.7,111.6
2021/06/28,113.0,113.5,111.0,111.5,111.5,111.5,111.62
2021/06/29,112.5,112.5,111.5,111.5,112.1,111.35,111.52
2021/06/30,112.0,113.5,112.0,112.0,112.2,111.4,111.4
2021/07/01,112.5,112.5,111.5,112.0,112.0,111.3,111.4
2021/07/02,112.0,112.5,111.5,111.5,111.7,111.3,111.42
2021/07/05,112.5,117.0,112.0,117.0,112.8,112.15,111.68
2021/07/06,116.5,117.5,115.5,116.5,113.8,112.95,111.98
2021/07/07,116.5,117.0,115.0,115.0,114.4,113.3,112.2
2021/07/08,115.0,116.5,115.0,115.5,115.1,113.55,112.5
2021/07/09,114.5,115.0,113.0,114.0,115.6,113.65,112.68
2021/07/12,115.5,116.0,114.5,115.0,115.2,114.0,112.75
2021/07/13,116.0,117.0,115.5,116.5,115.2,114.5,112.92
2021/07/14,117.5,117.5,116.0,116.0,115.4,114.9,113.15
2021/07/15,117.0,120.0,116.5,119.5,116.2,115.65,113.48
2021/07/16,118.5,119.5,118.0,119.5,117.3,116.45,113.88
2021/07/19,118.5,119.0,116.0,116.5,117.6,116.4,114.28
2021/07/20,115.0,116.0,114.5,114.5,117.2,116.2,114.58
2021/07/21,116.0,116.0,112.0,112.5,116.5,115.95,114.62
2021/07/22,109.0,112.5,108.5,110.5,114.7,115.45,114.5
2021/07/23,112.0,112.0,110.0,110.5,112.9,115.1,114.38
2021/07/26,111.0,111.0,108.5,110.0,111.6,114.6,114.3
2021/07/27,111.0,112.0,110.0,111.5,111.0,114.1,114.3
2021/07/28,110.5,111.0,109.0,110.5,110.6,113.55,114.22
2021/07/29,111.0,111.5,110.0,111.0,110.7,112.7,114.18
2021/07/30,110.0,111.5,109.5,110.0,110.6,111.75,114.1
2021/08/02,111.0,113.0,110.0,113.0,111.2,111.4,113.9
2021/08/03,112.5,113.0,110.5,111.5,111.2,111.1,113.65
2021/08/04,112.0,112.5,111.0,112.0,111.5,111.05,113.5
2021/08/05,111.0,112.0,111.0,112.0,111.7,111.2,113.32
2021/08/06,111.5,113.0,111.0,112.5,112.2,111.4,113.25
2021/08/09,112.0,112.5,111.0,112.0,112.0,111.6,113.1
2021/08/10,111.5,112.0,108.5,108.5,111.4,111.3,112.7
2021/08/11,107.0,109.0,106.0,109.0,110.8,111.15,112.35
2021/08/12,109.0,109.5,108.0,109.0,110.2,110.95,111.82
2021/08/13,109.5,110.0,108.0,109.0,109.5,110.85,111.3
2021/08/16,108.5,109.0,106.5,107.5,108.6,110.3,110.85
2021/08/17,107.5,108.0,106.0,106.5,108.2,109.8,110.45
2021/08/18,105.5,107.5,104.5,107.0,107.8,109.3,110.18
2021/08/19,106.0,106.0,102.5,103.0,106.6,108.4,109.8
2021/08/20,104.0,106.0,102.0,104.5,105.7,107.6,109.5
2021/08/23,105.5,108.0,105.5,107.5,105.7,107.15,109.38
2021/08/24,108.5,109.0,107.5,109.0,106.2,107.2,109.25
2021/08/25,109.0,109.0,107.5,108.5,106.5,107.15,109.15
2021/08/26,108.5,109.0,107.0,107.5,107.4,107.0,108.98
2021/08/27,107.5,108.5,106.5,108.0,108.1,106.9,108.88
2021/08/30,108.5,109.0,107.5,109.0,108.4,107.05,108.68
2021/08/31,108.5,111.0,108.0,111.0,108.8,107.5,108.65
2021/09/01,111.0,112.0,110.0,111.0,109.3,107.9,108.6
2021/09/02,111.0,113.0,110.5,111.5,110.1,108.75,108.58
2021/09/03,112.0,113.0,111.5,112.5,111.0,109.55,108.58
2021/09/06,112.5,113.0,110.5,111.0,111.4,109.9,108.52
2021/09/07,109.5,110.0,108.0,108.5,110.9,109.85,108.52
2021/09/08,108.5,109.5,107.0,107.5,110.2,109.75,108.45
2021/09/09,106.5,107.5,106.0,107.0,109.3,109.7,108.35
2021/09/10,107.0,108.5,107.0,108.0,108.4,109.7,108.3
2021/09/13,107.5,108.0,106.5,106.5,107.5,109.45,108.25
2021/09/14,107.5,108.0,106.5,107.5,107.3,109.1,108.3
2021/09/15,108.0,110.5,107.5,108.5,107.5,108.85,108.38
2021/09/16,108.5,109.5,107.5,107.5,107.6,108.45,108.6
2021/09/17,107.5,109.5,107.0,108.5,107.7,108.05,108.8
2021/09/22,106.5,107.5,106.0,107.0,107.8,107.65,108.78
2021/09/23,107.0,108.0,106.0,106.5,107.6,107.45,108.65
2021/09/24,107.5,108.0,107.0,107.5,107.4,107.45,108.6
2021/09/27,107.0,108.5,107.0,107.5,107.4,107.5,108.6
2021/09/28,107.0,107.5,106.0,106.5,107.0,107.35,108.52
2021/09/29,105.0,105.5,104.5,105.0,106.6,107.2,108.32
2021/09/30,105.0,106.0,104.0,105.0,106.3,106.95,108.02
2021/10/01,104.5,105.0,103.0,103.0,105.4,106.4,107.62
2021/10/04,104.5,105.0,102.5,103.0,104.5,105.95,107.2
2021/10/05,102.0,102.5,101.0,101.5,103.5,105.25,106.65
2021/10/06,103.5,104.5,103.0,103.0,103.1,104.85,106.25
2021/10/07,104.5,107.0,104.0,107.0,103.5,104.9,106.18
2021/10/08,107.5,108.0,106.5,108.0,104.5,104.95,106.2
2021/10/12,106.5,107.0,104.5,105.0,104.9,104.7,106.1
2021/10/13,106.0,106.5,104.5,105.5,105.7,104.6,105.98
2021/10/14,107.0,107.5,106.5,106.5,106.4,104.75,105.98
2021/10/15,108.0,110.0,107.5,109.5,106.9,105.2,106.08
2021/10/18,110.5,111.0,107.0,107.5,106.8,105.65,106.02
2021/10/19,108.5,109.0,106.5,107.0,107.2,106.05,106.0
2021/10/20,107.5,108.5,106.5,107.5,107.6,106.65,105.95
2021/10/21,108.0,108.5,107.0,108.0,107.9,107.15,106.0
2021/10/22,108.0,108.5,107.0,107.5,107.5,107.2,106.05
2021/10/25,107.5,109.0,107.0,108.0,107.6,107.2,106.08
2021/10/26,108.5,109.5,108.0,109.0,108.0,107.6,106.15
2021/10/27,109.0,109.0,107.5,108.0,108.1,107.85,106.22
2021/10/28,108.0,109.0,107.5,108.5,108.2,108.05,106.4
2021/10/29,108.5,108.5,107.0,107.0,108.1,107.8,106.5
2021/11/01,108.0,108.0,106.5,106.5,107.8,107.7,106.68
2021/11/02,107.0,108.5,107.0,107.5,107.5,107.75,106.9
2021/11/03,107.5,108.5,107.5,107.5,107.4,107.75,107.2
2021/11/04,108.5,108.5,107.5,108.0,107.3,107.75,107.45
2021/11/05,108.0,109.0,107.5,109.0,107.7,107.9,107.55
2021/11/08,107.5,108.0,107.0,107.5,107.9,107.85,107.52
2021/11/09,107.5,108.0,107.0,108.0,108.0,107.75,107.68
2021/11/10,108.0,109.5,107.5,109.0,108.3,107.85,107.85
2021/11/11,108.5,109.0,107.5,107.5,108.2,107.75,107.9
2021/11/12,108.5,109.5,108.0,109.0,108.2,107.95,107.88
2021/11/15,109.0,110.0,108.0,108.0,108.3,108.1,107.9
2021/11/16,108.5,109.0,108.0,108.0,108.3,108.15,107.95
2021/11/17,108.5,108.5,106.5,107.0,107.9,108.1,107.92
2021/11/18,107.0,107.5,106.5,107.0,107.8,108.0,107.88
2021/11/19,107.5,108.0,106.5,106.5,107.3,107.75,107.82
2021/11/22,107.0,107.5,106.5,106.5,107.0,107.65,107.75
2021/11/23,106.5,107.0,106.0,106.0,106.6,107.45,107.6
2021/11/24,106.0,106.5,104.5,105.5,106.3,107.1,107.48
2021/11/25,106.5,106.5,105.0,105.0,105.9,106.85,107.3
2021/11/26,105.0,105.0,103.5,103.5,105.3,106.3,107.12
2021/11/29,103.0,105.5,102.5,103.5,104.7,105.85,106.98
2021/11/30,104.0,105.5,103.0,103.5,104.2,105.4,106.78
2021/12/01,103.5,106.0,103.5,105.5,104.2,105.25,106.68
2021/12/02,105.0,107.0,105.0,105.0,104.2,105.05,106.52
2021/12/03,105.5,106.0,105.0,105.0,104.5,104.9,106.32
2021/12/06,105.5,107.0,105.0,106.5,105.1,104.9,106.28
2021/12/07,106.0,107.5,105.0,106.0,105.6,104.9,106.18
2021/12/08,106.5,107.0,105.0,105.0,105.5,104.85,105.98
2021/12/09,105.0,106.0,105.0,106.0,105.7,104.95,105.9
2021/12/10,105.5,106.0,104.5,105.0,105.7,105.1,105.7
2021/12/13,105.0,106.0,104.5,104.5,105.3,105.2,105.52
2021/12/14,104.5,105.5,104.0,104.5,105.0,105.3,105.35
2021/12/15,104.0,105.0,103.5,105.0,105.0,105.25,105.25
2021/12/16,105.5,106.0,103.5,103.5,104.5,105.1,105.08
2021/12/17,103.5,104.0,103.0,103.5,104.2,104.95,104.92
2021/12/20,103.5,104.0,103.0,103.0,103.9,104.6,104.75
2021/12/21,103.5,104.5,103.0,104.5,103.9,104.45,104.68
2021/12/22,104.5,104.5,103.5,103.5,103.6,104.3,104.58
2021/12/23,104.0,104.5,103.5,104.0,103.7,104.1,104.52
2021/12/24,104.5,105.0,104.0,104.0,103.8,104.0,104.55
2021/12/27,104.5,105.0,104.0,104.5,104.1,104.0,104.6
2021/12/28,104.5,105.5,104.5,105.5,104.3,104.1,104.7
2021/12/29,105.0,105.5,104.5,105.0,104.6,104.1,104.68
2021/12/30,104.5,105.0,104.0,104.0,104.6,104.15,104.62
2022/01/03,104.5,105.0,103.0,103.0,104.4,104.1,104.52
2022/01/04,104.0,104.0,103.0,103.5,104.2,104.15,104.38
2022/01/05,104.0,111.0,103.5,109.0,104.9,104.6,104.52
2022/01/06,108.0,108.5,106.0,107.0,105.3,104.95,104.62
2022/01/07,108.0,108.5,106.0,106.5,105.8,105.2,104.65
2022/01/10,106.0,106.5,104.0,104.5,106.1,105.25,104.62
2022/01/11,104.5,105.0,104.0,104.5,106.3,105.25,104.62
2022/01/12,105.0,105.5,104.0,104.5,105.4,105.15,104.62
2022/01/13,105.0,105.5,104.5,105.5,105.1,105.2,104.65
2022/01/14,105.0,105.5,103.0,103.5,104.5,105.15,104.65
2022/01/17,103.5,104.5,103.5,103.5,104.3,105.2,104.65
2022/01/18,104.5,104.5,103.5,103.5,104.1,105.2,104.68
2022/01/19,103.5,104.5,103.0,103.5,103.9,104.65,104.62
2022/01/20,103.5,104.0,103.0,103.0,103.4,104.25,104.6
2022/01/21,102.5,103.0,102.0,102.0,103.1,103.8,104.5
2022/01/24,103.0,104.5,102.5,103.0,103.0,103.65,104.45
2022/01/25,103.0,103.5,102.0,103.0,102.9,103.5,104.38
2022/01/26,103.0,103.5,102.0,102.0,102.6,103.25,104.2
2022/02/07,102.5,104.5,102.5,103.0,102.6,103.0,104.1
2022/02/08,104.0,106.0,103.0,105.5,103.3,103.2,104.18
2022/02/09,106.0,106.5,105.5,106.5,104.0,103.5,104.35
2022/02/10,106.5,107.0,105.5,106.5,104.7,103.8,104.5
2022/02/11,105.5,106.0,104.5,106.0,105.5,104.05,104.35
2022/02/14,105.0,105.0,103.5,104.0,105.7,104.15,104.2
2022/02/15,104.0,105.0,104.0,104.0,105.4,104.35,104.08
2022/02/16,105.0,106.0,104.5,105.5,105.2,104.6,104.12
2022/02/17,106.0,106.5,105.0,106.0,105.1,104.9,104.2
2022/02/18,105.0,106.0,105.0,105.5,105.0,105.25,104.25
2022/02/21,105.0,107.0,104.5,106.0,105.4,105.55,104.28
2022/02/22,105.0,105.5,104.0,104.5,105.5,105.45,104.32
2022/02/23,104.5,105.5,104.5,105.0,105.4,105.3,104.4
2022/02/24,104.0,104.5,102.5,102.5,104.7,104.9,104.35
2022/02/25,103.0,103.5,102.5,103.0,104.2,104.6,104.32
2022/03/01,104.0,105.5,103.5,104.5,103.9,104.65,104.4
2022/03/02,104.0,105.0,104.0,104.5,103.9,104.7,104.52
2022/03/03,105.0,105.5,104.5,104.5,103.8,104.6,104.6
2022/03/04,104.0,105.0,103.5,105.0,104.3,104.5,104.7
2022/03/07,104.0,104.0,102.5,102.5,104.2,104.2,104.72
2022/03/08,101.5,102.5,100.0,101.5,103.6,103.75,104.65
2022/03/09,102.0,102.5,101.5,101.5,103.0,103.45,104.45
2022/03/10,103.0,104.0,102.5,103.0,102.7,103.25,104.28
2022/03/11,103.0,104.0,102.5,103.5,102.4,103.35,104.12
2022/03/14,103.0,104.0,102.5,102.5,102.4,103.3,103.95
2022/03/15,102.0,103.0,101.0,101.0,102.3,102.95,103.8
2022/03/16,101.5,102.5,100.0,101.5,102.3,102.65,103.68
2022/03/17,103.5,104.5,103.0,104.0,102.5,102.6,103.6
2022/03/18,105.0,106.0,103.5,106.0,103.0,102.7,103.6
2022/03/21,106.0,106.5,104.5,104.5,103.4,102.9,103.55
2022/03/22,104.0,104.5,103.5,104.0,104.0,103.15,103.45
2022/03/23,104.5,105.5,104.0,105.5,104.8,103.55,103.5
2022/03/24,105.0,108.0,104.5,106.5,105.3,103.9,103.58
2022/03/25,106.5,107.0,106.0,106.0,105.3,104.15,103.75
2022/03/28,105.5,106.5,104.5,106.0,105.6,104.5,103.9
2022/03/29,106.0,106.5,104.5,105.5,105.9,104.95,103.95
2022/03/30,106.0,106.0,105.0,105.5,105.9,105.35,104.0
2022/03/31,106.0,106.5,105.5,106.0,105.8,105.55,104.08
2022/04/01,105.0,105.5,104.5,104.5,105.5,105.4,104.05
2022/04/06,104.5,105.0,104.0,105.0,105.3,105.45,104.18
2022/04/07,104.5,105.0,103.0,103.0,104.8,105.35,104.25
2022/04/08,103.0,103.5,102.5,103.0,104.3,105.1,104.32
2022/04/11,103.0,103.5,101.5,102.0,103.5,104.65,104.28
2022/04/12,102.0,103.0,101.5,102.0,103.0,104.25,104.2
2022/04/13,103.0,104.5,102.5,104.0,102.8,104.05,104.28
2022/04/14,104.0,104.5,103.5,104.0,103.0,103.9,104.42
2022/04/15,103.5,104.0,103.0,103.0,103.0,103.65,104.5
2022/04/18,102.0,103.0,102.0,102.5,103.1,103.3,104.42
2022/04/19,103.0,103.5,102.0,102.0,103.1,103.05,104.22
2022/04/20,102.5,103.0,102.0,103.0,102.9,102.85,104.15
2022/04/21,103.5,104.0,103.0,103.0,102.7,102.85,104.1
2022/04/22,102.5,103.5,102.0,103.5,102.8,102.9,104.0
2022/04/25,102.5,102.5,100.5,100.5,102.4,102.75,103.7
2022/04/26,101.0,101.5,100.5,101.0,102.2,102.65,103.45
2022/04/27,99.9,100.5,99.7,100.0,101.6,102.25,103.15
2022/04/28,100.0,101.5,100.0,101.5,101.3,102.0,102.95
2022/04/29,101.5,102.0,101.5,102.0,101.0,101.9,102.78
2022/05/03,102.0,103.0,101.5,102.5,101.4,101.9,102.6
2022/05/04,103.5,104.5,103.0,104.0,102.0,102.1,102.58
2022/05/05,105.0,105.5,104.0,104.5,102.9,102.25,102.55
2022/05/06,103.5,104.0,102.5,104.0,103.4,102.35,102.6
2022/05/09,103.5,104.0,103.0,104.0,103.8,102.4,102.65
2022/05/10,103.0,104.0,102.5,104.0,104.1,102.75,102.75
2022/05/11,103.5,104.0,103.0,103.0,103.9,102.95,102.8
2022/05/12,103.0,103.0,102.0,102.0,103.4,103.15,102.7
2022/05/13,104.0,104.0,103.0,104.0,103.4,103.4,102.7
2022/05/16,104.0,104.5,103.5,104.5,103.5,103.65,102.78
2022/05/17,104.5,105.0,104.0,105.0,103.7,103.9,102.9
2022/05/18,105.5,107.0,105.0,107.0,104.5,104.2,103.15
2022/05/19,105.5,107.5,105.0,107.5,105.6,104.5,103.38
2022/05/20,107.5,109.0,107.0,107.0,106.2,104.8,103.58
2022/05/23,108.0,109.0,107.0,108.0,106.9,105.2,103.8
2022/05/24,108.0,109.0,108.0,108.0,107.5,105.6,104.18
2022/05/25,108.5,110.0,108.0,109.5,108.0,106.25,104.6
2022/05/26,110.0,110.5,108.5,109.0,108.3,106.95,105.05
2022/05/27,110.0,111.0,109.5,110.0,108.9,107.55,105.48
2022/05/30,110.5,111.0,109.0,110.5,109.4,108.15,105.9
2022/05/31,111.0,113.0,110.0,113.0,110.4,108.95,106.42
2022/06/01,112.5,116.0,112.0,114.5,111.4,109.7,106.95
2022/06/02,114.5,116.0,113.5,114.0,112.4,110.35,107.42
2022/06/06,115.0,116.0,114.0,115.5,113.5,111.2,108.0
2022/06/07,115.0,115.5,113.5,113.5,114.1,111.75,108.48
2022/06/08,114.5,115.0,113.5,114.0,114.3,112.35,108.98
2022/06/09,114.0,115.5,113.5,115.5,114.5,112.95,109.6
2022/06/10,115.0,115.0,114.0,114.0,114.5,113.45,110.2
2022/06/13,112.5,112.5,111.0,111.5,113.7,113.6,110.58
2022/06/14,110.0,112.5,110.0,111.5,113.3,113.7,110.92
2022/06/15,112.5,112.5,111.5,112.0,112.9,113.6,111.28
2022/06/16,113.5,113.5,110.5,111.5,112.1,113.3,111.5
2022/06/17,110.0,111.0,109.5,109.5,111.2,112.85,111.6
2022/06/20,110.0,110.5,108.5,109.0,110.7,112.2,111.7
2022/06/21,110.5,112.5,110.5,112.0,110.8,112.05,111.9
2022/06/22,111.5,111.5,109.5,109.5,110.3,111.6,111.98
2022/06/23,110.5,110.5,107.5,108.0,109.6,110.85,111.9
2022/06/24,109.0,110.5,108.5,110.0,109.7,110.45,111.95
2022/06/27,111.0,112.0,111.0,111.0,110.1,110.4,112.0
2022/06/28,111.5,112.0,110.0,112.0,110.1,110.45,112.08
2022/06/29,111.5,112.5,110.5,111.0,110.4,110.35,111.98
2022/06/30,110.5,111.0,109.0,109.0,110.6,110.1,111.7
2022/07/01,108.5,109.0,105.5,106.0,109.8,109.75,111.3
2022/07/04,100.5,102.0,99.5,100.0,107.6,108.85,110.52
2022/07/05,102.0,103.0,101.0,102.5,105.7,107.9,109.98
2022/07/06,103.0,103.5,100.5,100.5,103.6,107.0,109.3
2022/07/07,101.0,103.5,100.5,103.5,102.5,106.55,108.7
2022/07/08,103.5,104.0,101.5,102.0,101.7,105.75,108.1
2022/07/11,102.0,102.0,100.5,101.0,101.9,104.75,107.58
2022/07/12,100.0,101.0,99.7,100.5,101.5,103.6,107.02
2022/07/13,103.0,103.5,102.5,102.5,101.9,102.75,106.55
2022/07/14,102.5,106.0,102.5,105.0,102.2,102.35,106.22
2022/07/15,105.0,106.0,104.5,105.0,102.8,102.25,106.0
2022/07/18,105.0,105.5,104.0,105.0,103.6,102.75,105.8
2022/07/19,104.5,105.0,103.5,104.0,104.3,102.9,105.4
2022/07/20,104.0,105.0,103.0,103.5,104.5,103.2,105.1
2022/07/21,104.0,105.5,103.5,105.5,104.6,103.4,104.98
2022/07/22,105.5,106.5,105.0,106.0,104.8,103.8,104.78
2022/07/25,106.0,108.0,105.5,107.5,105.3,104.45,104.6
2022/07/26,108.0,108.5,107.0,108.0,106.1,105.2,104.4
2022/07/27,108.5,109.5,107.5,108.0,107.0,105.75,104.25
2022/07/28,109.0,109.0,108.0,108.5,107.6,106.1,104.22
2022/07/29,109.0,109.5,108.5,109.0,108.2,106.5,104.38
2022/08/01,108.5,109.0,108.0,109.0,108.5,106.9,104.82
2022/08/02,108.0,108.0,106.5,108.0,108.5,107.3,105.1
2022/08/03,107.5,108.5,107.0,108.5,108.6,107.8,105.5
2022/08/04,108.0,108.5,106.5,108.0,108.5,108.05,105.72
2022/08/05,108.5,109.0,108.0,108.0,108.3,108.25,106.02
2022/08/08,107.0,108.0,106.5,108.0,108.1,108.3,106.38
2022/08/09,108.0,109.0,107.0,109.0,108.3,108.4,106.8
2022/08/10,109.0,111.0,108.0,110.0,108.6,108.6,107.18
2022/08/11,111.5,113.0,110.5,113.0,109.6,109.05,107.58
2022/08/12,113.0,114.0,112.0,112.5,110.5,109.4,107.95
2022/08/15,113.0,113.0,111.5,112.0,111.3,109.7,108.3
2022/08/16,112.0,112.0,110.5,111.0,111.7,110.0,108.65
2022/08/17,111.0,112.5,111.0,112.5,112.2,110.4,109.1
2022/08/18,112.5,112.5,111.0,112.0,112.0,110.8,109.42
2022/08/19,111.5,112.0,111.0,111.0,111.7,111.1,109.68
2022/08/22,110.5,111.0,110.0,111.0,111.5,111.4,109.85
2022/08/23,110.0,110.5,109.5,110.0,111.3,111.5,109.95
2022/08/24,110.5,111.0,109.0,109.5,110.7,111.45,110.02
2022/08/25,109.5,110.5,109.5,109.5,110.2,111.1,110.08
2022/08/26,110.0,110.5,109.5,110.5,110.1,110.9,110.15
2022/08/29,108.5,109.0,108.0,108.0,109.5,110.5,110.1
2022/08/30,108.5,109.0,108.0,108.5,109.2,110.25,110.12
2022/08/31,108.0,109.5,107.5,109.0,109.1,109.9,110.15
2022/09/01,108.0,108.5,107.0,107.5,108.7,109.45,110.12
2022/09/02,108.0,108.0,107.0,107.5,108.1,109.1,110.1
2022/09/05,108.0,108.5,107.5,108.0,108.1,108.8,110.1
2022/09/06,108.5,108.5,107.5,108.5,108.1,108.65,110.08
2022/09/07,107.5,108.0,106.0,106.0,107.5,108.3,109.88
2022/09/08,107.0,107.0,106.0,107.0,107.4,108.05,109.58
2022/09/12,108.5,109.0,107.5,108.5,107.6,107.85,109.38
2022/09/13,109.0,110.5,108.5,110.0,108.0,108.05,109.28
2022/09/14,107.5,108.5,107.0,107.5,107.8,107.95,109.1
2022/09/15,107.5,108.5,107.5,108.0,108.2,107.85,108.88
2022/09/16,107.5,108.0,107.0,107.5,108.3,107.85,108.65
2022/09/19,107.5,108.0,106.5,107.0,108.0,107.8,108.45
2022/09/20,107.5,108.5,107.0,108.5,107.7,107.85,108.32
2022/09/21,108.5,108.5,106.5,107.0,107.6,107.7,108.18
2022/09/22,106.5,107.5,106.0,107.0,107.4,107.8,108.05
2022/09/23,107.0,107.5,106.0,106.5,107.2,107.75,107.9
2022/09/26,105.5,106.0,103.5,104.0,106.6,107.3,107.58
2022/09/27,104.0,104.5,103.0,103.5,105.6,106.65,107.35
2022/09/28,103.5,104.0,100.5,100.5,104.3,105.95,106.95
2022/09/29,101.5,102.5,101.0,101.5,103.2,105.3,106.58
2022/09/30,100.0,102.0,100.0,102.0,102.3,104.75,106.3
2022/10/03,101.0,102.0,100.5,101.0,101.7,104.15,105.98
2022/10/04,102.5,103.0,102.0,102.5,101.5,103.55,105.7
2022/10/05,105.5,107.5,105.0,107.0,102.8,103.55,105.62
2022/10/06,108.0,108.5,106.5,107.5,104.0,103.6,105.7
2022/10/07,107.0,108.0,106.5,107.5,105.1,103.7,105.72
2022/10/11,105.0,105.5,104.0,104.0,105.7,103.7,105.5
2022/10/12,104.0,104.5,102.5,103.0,105.8,103.65,105.15
2022/10/13,103.5,104.5,102.5,103.5,105.1,103.95,104.95
2022/10/14,104.5,105.5,104.5,105.0,104.6,104.3,104.8
2022/10/17,104.0,105.5,104.0,105.0,104.1,104.6,104.68
2022/10/18,105.5,106.0,103.0,103.5,104.0,104.85,104.5
2022/10/19,104.0,105.0,103.0,103.0,104.0,104.9,104.22
2022/10/20,103.0,103.5,101.0,102.5,103.8,104.45,104.0
2022/10/21,102.5,103.5,102.0,103.5,103.5,104.05,103.82
2022/10/24,104.5,104.5,102.5,103.0,103.1,103.6,103.65
2022/10/25,103.0,103.5,101.5,103.5,103.1,103.55,103.62
2022/10/26,104.0,104.5,103.0,104.0,103.3,103.65,103.65
2022/10/27,105.0,105.0,104.0,104.0,103.6,103.7,103.82
2022/10/28,104.5,104.5,103.0,104.0,103.7,103.6,103.95
2022/10/31,101.5,103.0,101.5,102.5,103.6,103.35,103.98
2022/11/01,101.5,102.0,100.5,101.5,103.2,103.15,104.0
2022/11/02,101.5,102.0,101.0,102.0,102.8,103.05,103.98
2022/11/03,101.0,101.5,100.5,101.0,102.2,102.9,103.68
2022/11/04,100.0,101.0,99.5,100.5,101.5,102.6,103.32
2022/11/07,100.5,101.0,99.8,100.0,101.0,102.3,102.95
2022/11/08,100.0,100.5,100.0,100.0,100.7,101.95,102.75
2022/11/09,100.0,102.5,100.0,102.5,100.8,101.8,102.72
2022/11/10,101.0,101.5,100.5,100.5,100.7,101.45,102.58
2022/11/11,101.5,102.5,100.0,100.0,100.6,101.05,102.32
2022/11/14,99.5,101.5,99.5,101.5,100.9,100.95,102.15
2022/11/15,101.5,102.5,101.0,101.5,101.2,100.95,102.05
2022/11/16,101.5,102.5,101.0,101.5,101.0,100.9,101.98
2022/11/17,101.5,102.0,101.0,101.5,101.2,100.95,101.92
2022/11/18,101.5,102.5,100.5,100.5,101.3,100.95,101.78
2022/11/21,101.0,101.5,100.0,100.0,101.0,100.95,101.62
2022/11/22,100.0,100.5,100.0,100.5,100.8,101.0,101.48
2022/11/23,101.0,101.5,100.5,100.5,100.6,100.8,101.3
2022/11/24,100.5,101.0,100.0,101.0,100.5,100.85,101.15
2022/11/25,100.5,101.0,100.0,100.5,100.5,100.9,100.98
2022/11/28,100.5,100.5,99.6,100.0,100.5,100.75,100.85
2022/11/29,100.0,100.5,99.7,100.0,100.4,100.6,100.78
2022/11/30,100.5,101.5,100.0,100.5,100.4,100.5,100.7
2022/12/01,101.5,103.0,101.5,103.0,100.8,100.65,100.8
2022/12/02,103.0,106.0,103.0,105.5,101.8,101.15,101.05
2022/12/05,106.5,107.0,105.5,105.5,102.9,101.7,101.32
2022/12/06,104.0,104.5,102.5,103.0,103.5,101.95,101.48
2022/12/07,102.5,104.0,102.0,102.0,103.8,102.1,101.45
2022/12/08,102.0,102.5,101.5,101.5,103.5,102.15,101.5
2022/12/09,102.5,103.0,102.0,102.0,102.8,102.3,101.6
2022/12/12,102.0,102.0,101.0,102.0,102.1,102.5,101.62
2022/12/13,102.0,102.5,101.0,101.0,101.7,102.6,101.6
2022/12/14,101.5,102.5,101.0,102.5,101.8,102.8,101.65
2022/12/15,101.5,102.5,101.5,101.5,101.8,102.65,101.65
2022/12/16,100.5,101.5,100.0,100.5,101.5,102.15,101.65
2022/12/19,100.5,102.0,100.5,101.5,101.4,101.75,101.72
2022/12/20,101.0,101.5,100.0,100.0,101.2,101.45,101.7
2022/12/21,101.0,101.0,100.0,100.0,100.7,101.25,101.68
2022/12/22,101.0,101.0,100.5,101.0,100.6,101.2,101.68
2022/12/23,100.0,101.0,100.0,101.0,100.7,101.1,101.7
2022/12/26,101.5,101.5,100.5,101.0,100.6,101.0,101.75
2022/12/27,101.0,101.5,100.5,100.5,100.7,100.95,101.78
2022/12/28,100.5,100.5,100.0,100.5,100.8,100.75,101.78
2022/12/29,100.0,100.0,99.5,99.7,100.54,100.57,101.61
2022/12/30,100.0,100.5,99.8,99.9,100.32,100.51,101.33
2023/01/03,99.9,99.9,98.0,99.1,99.94,100.27,101.01
2023/01/04,98.0,98.7,98.0,98.1,99.46,100.08,100.77
2023/01/05,98.1,98.9,98.0,98.0,98.96,99.88,100.57
2023/01/06,98.3,98.8,98.3,98.4,98.7,99.62,100.41
2023/01/09,99.2,99.6,98.9,99.1,98.54,99.43,100.27
2023/01/10,99.4,99.8,99.1,99.4,98.6,99.27,100.14
2023/01/11,99.8,99.8,99.1,99.1,98.8,99.13,100.04
2023/01/12,99.1,99.5,98.6,98.6,98.92,98.94,99.84
2023/01/13,99.0,99.5,98.6,98.6,98.96,98.83,99.7
2023/01/16,98.6,99.2,98.1,98.1,98.76,98.65,99.58
2023/01/17,98.2,98.5,98.1,98.1,98.5,98.55,99.41
2023/01/30,99.6,99.7,98.0,98.1,98.3,98.55,99.32
2023/01/31,98.3,101.0,98.2,99.7,98.52,98.72,99.3
2023/02/01,100.5,101.0,99.8,100.0,98.8,98.88,99.25
2023/02/02,100.5,101.0,100.0,100.0,99.18,98.97,99.2
2023/02/03,100.0,100.5,99.5,99.6,99.48,98.99,99.13
2023/02/06,100.5,102.0,100.5,101.5,100.16,99.23,99.18
2023/02/07,102.0,102.0,100.5,100.5,100.32,99.42,99.18
2023/02/08,100.5,101.0,100.5,100.5,100.42,99.61,99.22
2023/02/09,100.5,101.5,100.0,101.0,100.62,99.9,99.28
2023/02/10,101.5,102.0,100.5,101.5,101.0,100.24,99.4
2023/02/13,101.5,102.0,101.0,101.0,100.9,100.53,99.54
2023/02/14,101.5,102.0,101.5,102.0,101.2,100.76,99.74
2023/02/15,102.0,102.5,101.5,102.5,101.6,101.01,99.94
2023/02/16,103.0,103.5,102.5,103.5,102.1,101.36,100.16
2023/02/17,103.0,103.5,102.5,103.5,102.5,101.75,100.37
2023/02/20,103.5,104.0,102.5,103.0,102.9,101.9,100.56
2023/02/21,102.5,103.0,102.5,102.5,103.0,102.1,100.76
2023/02/22,102.0,102.5,101.5,102.0,102.9,102.25,100.93
2023/02/23,102.0,103.0,102.0,103.0,102.8,102.45,101.18
2023/02/24,103.0,103.5,101.0,101.0,102.3,102.4,101.32
2023/03/01,100.0,103.0,100.0,102.0,102.1,102.5,101.52
2023/03/02,102.5,103.0,101.5,102.5,102.1,102.55,101.66
2023/03/03,103.5,104.0,102.5,102.5,102.2,102.55,101.78
2023/03/06,103.0,104.0,102.5,103.5,102.3,102.55,101.96
2023/03/07,103.5,106.0,103.5,105.0,103.1,102.7,102.22
2023/03/08,104.5,105.0,104.0,104.0,103.5,102.8,102.35
2023/03/09,104.0,104.5,102.0,102.5,103.5,102.8,102.45
2023/03/10,102.0,102.5,101.5,102.0,103.4,102.8,102.52
2023/03/13,102.0,103.5,101.5,103.0,103.3,102.8,102.62
2023/03/14,102.0,102.5,101.5,102.0,102.7,102.9,102.65
2023/03/15,102.5,103.0,102.0,102.5,102.4,102.95,102.72
2023/03/16,102.5,103.0,102.0,102.0,102.3,102.9,102.72
2023/03/17,103.0,104.5,102.5,103.5,102.6,103.0,102.78
2023/03/20,103.5,104.0,102.5,102.5,102.5,102.9,102.72
2023/03/21,103.0,104.0,103.0,103.5,102.8,102.75,102.72
2023/03/22,103.5,104.5,103.0,103.5,103.0,102.7,102.75
2023/03/23,103.0,104.5,103.0,103.5,103.3,102.8,102.8
2023/03/24,104.5,106.0,104.0,105.5,103.7,103.15,102.98
2023/03/27,105.0,105.5,103.5,103.5,103.9,103.2,103.0
2023/03/28,104.0,104.0,103.0,103.0,103.8,103.3,103.1
2023/03/29,103.0,104.0,103.0,103.5,103.8,103.4,103.18
2023/03/30,104.0,104.5,103.5,104.5,104.0,103.65,103.28
2023/03/31,104.5,105.0,104.0,104.0,103.7,103.7,103.35
2023/04/06,104.5,105.5,103.0,103.5,103.7,103.8,103.35
2023/04/07,104.0,104.0,103.0,103.0,103.7,103.75,103.25
2023/04/10,103.0,104.0,103.0,103.0,103.6,103.7,103.2
2023/04/11,103.5,104.0,103.0,103.5,103.4,103.7,103.25
2023/04/12,103.5,103.5,102.5,102.5,103.1,103.4,103.28
2023/04/13,102.5,103.5,102.5,103.0,103.0,103.35,103.28
2023/04/14,104.0,104.5,103.0,104.5,103.3,103.5,103.4
2023/04/17,104.5,104.5,103.5,104.0,103.5,103.55,103.48
2023/04/18,104.0,104.5,103.5,104.5,103.7,103.55,103.6
2023/04/19,104.5,104.5,103.5,104.0,104.0,103.55,103.62
2023/04/20,103.5,104.5,103.5,104.5,104.3,103.65,103.72
2023/04/21,105.0,105.5,104.0,104.0,104.2,103.75,103.75
2023/04/24,104.0,104.5,103.5,103.5,104.1,103.8,103.75
2023/04/25,103.5,104.0,103.0,103.0,103.8,103.75,103.72
2023/04/26,103.0,104.5,103.0,103.5,103.7,103.85,103.62
2023/04/27,103.5,104.0,103.0,103.5,103.5,103.9,103.62
2023/04/28,104.0,104.5,103.5,104.5,103.6,103.9,103.7
2023/05/02,104.5,106.0,104.0,106.0,104.1,104.1,103.82
2023/05/03,105.5,106.0,105.0,105.5,104.6,104.2,103.88
2023/05/04,105.5,105.5,105.0,105.0,104.9,104.3,103.92
2023/05/05,105.0,105.5,104.5,105.0,105.2,104.35,104.0
2023/05/08,105.5,106.0,105.0,105.0,105.3,104.45,104.1
2023/05/09,105.0,107.0,104.5,106.5,105.4,104.75,104.28
2023/05/10,106.5,107.0,106.0,106.5,105.6,105.1,104.42
2023/05/11,106.5,107.0,105.0,105.0,105.6,105.25,104.55
2023/05/12,103.5,104.0,102.0,102.5,105.1,105.15,104.52
2023/05/15,102.5,103.0,102.0,102.0,104.5,104.9,104.4
2023/05/16,102.5,103.0,102.0,102.0,103.6,104.5,104.3
2023/05/17,102.0,103.0,102.0,102.5,102.8,104.2,104.2
2023/05/18,103.0,103.5,102.5,103.0,102.4,104.0,104.15
2023/05/19,103.0,103.0,102.0,103.0,102.5,103.8,104.08
2023/05/22,102.5,103.0,102.5,103.0,102.7,103.6,104.02
2023/05/23,103.0,103.0,102.5,102.5,102.8,103.2,103.98
2023/05/24,102.5,103.0,102.5,103.0,102.9,102.85,103.98
2023/05/25,102.5,103.5,102.5,102.5,102.8,102.6,103.92
2023/05/26,102.5,103.0,102.0,102.5,102.7,102.6,103.88
2023/05/29,103.5,106.0,103.0,105.5,103.2,102.95,103.92
2023/05/30,106.5,108.0,106.0,107.0,104.1,103.45,103.98
2023/05/31,107.5,107.5,105.5,106.5,104.8,103.85,104.02
2023/06/01,106.5,108.0,106.0,108.0,105.9,104.35,104.18
2023/06/02,108.5,109.0,107.5,108.0,107.0,104.85,104.32
2023/06/05,108.5,108.5,107.0,107.5,107.4,105.3,104.45
2023/06/06,107.0,107.5,106.0,107.0,107.4,105.75,104.48
2023/06/07,107.5,108.0,107.0,108.0,107.7,106.25,104.55
2023/06/08,108.0,108.0,107.0,107.0,107.5,106.7,104.65
2023/06/09,107.5,108.0,107.0,108.0,107.5,107.25,104.92
2023/06/12,108.0,112.0,107.5,110.5,108.1,107.75,105.35
2023/06/13,111.0,113.0,111.0,112.5,109.2,108.3,105.88
2023/06/14,112.5,113.0,111.5,112.5,110.1,108.9,106.38
2023/06/15,112.5,113.0,111.0,111.5,111.0,109.25,106.8
2023/06/16,111.5,112.5,111.0,111.0,111.6,109.55,107.2
2023/06/19,111.5,113.0,111.0,112.5,112.0,110.05,107.68
2023/06/20,113.0,113.5,111.5,112.5,112.0,110.6,108.18
2023/06/21,112.5,113.0,112.0,113.0,112.1,111.1,108.68
2023/06/26,113.5,116.0,113.0,115.5,112.9,111.95,109.32
2023/06/27,116.0,116.5,114.0,114.0,113.5,112.55,109.9
2023/06/28,114.5,116.0,114.5,115.0,114.0,113.0,110.38
2023/06/29,116.0,116.0,113.0,113.0,114.1,113.05,110.68
2023/06/30,113.0,113.0,111.0,113.0,114.1,113.1,111.0
2023/07/03,114.0,115.0,113.5,115.0,114.0,113.45,111.35
2023/07/04,112.0,112.5,109.5,110.0,113.2,113.35,111.45
2023/07/05,110.0,110.5,107.5,108.5,111.9,112.95,111.5
2023/07/06,107.5,107.5,105.0,105.5,110.4,112.25,111.42
2023/07/07,105.0,106.0,104.5,105.5,108.9,111.5,111.3
2023/07/10,105.5,106.0,104.5,104.5,106.8,110.4,111.18
2023/07/11,105.0,105.5,104.5,105.0,105.8,109.5,111.02
2023/07/12,105.0,107.5,105.0,107.5,105.6,108.75,110.88
2023/07/13,108.5,109.0,107.0,107.0,105.9,108.15,110.6
2023/07/14,107.5,109.5,106.5,109.5,106.7,107.8,110.45
2023/07/17,110.0,111.0,109.5,110.5,107.9,107.35,110.4
2023/07/18,110.5,113.5,110.0,112.0,109.3,107.55,110.45
2023/07/19,113.0,113.5,108.0,108.5,109.5,107.55,110.25
2023/07/20,109.0,110.0,107.5,108.0,109.7,107.8,110.02
2023/07/21,107.0,108.5,106.5,107.5,109.3,108.0,109.75
2023/07/24,108.0,108.5,107.0,108.0,108.8,108.35,109.38
2023/07/25,108.5,112.0,108.5,112.0,108.8,109.05,109.28
2023/07/26,112.0,112.5,111.0,111.5,109.4,109.45,109.1
2023/07/27,112.0,113.0,110.5,110.5,109.9,109.8,108.98
2023/07/28,110.5,111.0,109.5,109.5,110.3,109.8,108.8
2023/07/31,110.5,111.0,108.5,108.5,110.4,109.6,108.48
2023/08/01,109.5,111.0,109.0,110.5,110.1,109.45,108.5
2023/08/02,110.0,110.5,108.0,108.0,109.4,109.4,108.48
2023/08/04,109.0,111.0,109.0,111.0,109.5,109.7,108.75
2023/08/07,112.0,112.5,109.5,109.5,109.5,109.9,108.95
2023/08/08,110.5,111.0,109.5,110.5,109.9,110.15,109.25
2023/08/09,110.5,111.5,110.0,110.5,109.9,110.0,109.52
2023/08/10,111.0,111.0,109.5,110.0,110.3,109.85,109.65
2023/08/11,110.0,110.5,108.5,108.5,109.8,109.65,109.72
2023/08/14,109.5,110.5,109.0,110.0,109.9,109.7,109.75
2023/08/15,108.0,109.0,107.0,107.0,109.2,109.55,109.58
2023/08/16,106.5,106.5,105.0,105.5,108.2,109.05,109.25
2023/08/17,105.5,107.0,105.5,106.5,107.5,108.9,109.15
2023/08/18,106.5,107.0,105.5,106.0,107.0,108.4,109.05
2023/08/21,106.5,107.0,105.5,106.0,106.2,108.05,108.98
2023/08/22,106.5,107.0,106.0,106.5,106.1,107.65,108.9
2023/08/23,106.5,107.5,106.0,106.5,106.3,107.25,108.62
2023/08/24,109.0,110.5,108.5,109.5,106.9,107.2,108.52
2023/08/25,108.5,109.0,108.0,108.0,107.3,107.15,108.4
2023/08/28,108.5,109.0,108.0,108.0,107.7,106.95,108.32
2023/08/29,108.0,108.5,105.0,106.0,107.6,106.85,108.2
2023/08/30,106.5,107.0,106.0,106.0,107.5,106.9,107.98
2023/08/31,106.0,107.0,105.5,106.5,106.9,106.9,107.9
2023/09/01,106.5,107.5,106.5,107.5,106.8,107.05,107.72
2023/09/04,107.5,108.0,105.5,106.5,106.5,107.1,107.58
2023/09/05,106.5,107.0,106.0,107.0,106.7,107.15,107.4
2023/09/06,106.5,107.0,106.0,106.0,106.7,107.1,107.18
2023/09/07,106.0,106.0,105.5,105.5,106.5,106.7,106.95
2023/09/08,105.5,106.0,105.0,106.0,106.2,106.5,106.82
2023/09/11,106.0,106.0,105.0,105.0,105.9,106.2,106.58
2023/09/12,106.0,107.5,105.5,107.5,106.0,106.35,106.6
2023/09/13,107.0,107.5,105.5,106.0,106.0,106.35,106.62
2023/09/14,106.5,107.0,106.0,106.5,106.2,106.35,106.62
2023/09/15,106.5,107.0,106.0,106.0,106.2,106.2,106.62
2023/09/18,106.0,106.5,105.5,106.5,106.5,106.2,106.65
2023/09/19,106.5,107.5,106.5,106.5,106.3,106.15,106.65
2023/09/20,106.5,107.0,106.0,106.0,106.3,106.15,106.62
2023/09/21,106.0,106.5,105.0,105.0,106.0,106.1,106.4
2023/09/22,105.0,105.5,105.0,105.0,105.8,106.0,106.25
2023/09/25,105.5,106.0,105.0,105.5,105.6,106.05,106.12
2023/09/26,105.0,105.5,104.0,104.0,105.1,105.7,106.02
2023/09/27,104.0,104.5,103.5,104.0,104.7,105.5,105.92
2023/09/28,104.5,104.5,103.0,104.0,104.5,105.25,105.8
2023/10/02,104.0,105.0,104.0,104.5,104.4,105.1,105.65
2023/10/03,104.0,104.5,103.5,104.0,104.1,104.85,105.52
2023/10/04,103.0,103.5,102.5,103.0,103.9,104.5,105.32
2023/10/05,103.0,104.0,103.0,103.5,103.8,104.25,105.2
2023/10/06,105.0,106.0,104.5,105.5,104.1,104.3,105.2
2023/10/11,106.5,106.5,105.5,106.0,104.4,104.4,105.2
2023/10/12,106.5,107.0,106.0,107.0,105.0,104.55,105.3
2023/10/13,107.0,107.5,106.0,107.5,105.9,104.9,105.3
2023/10/16,107.0,107.5,106.5,107.0,106.6,105.2,105.35
2023/10/17,107.5,108.0,106.5,106.5,106.8,105.45,105.35
2023/10/18,106.0,106.5,105.0,105.5,106.7,105.55,105.32
2023/10/19,105.0,105.5,103.0,103.5,106.0,105.5,105.18
2023/10/20,103.0,104.5,103.0,103.5,105.2,105.55,105.02
2023/10/23,102.0,102.0,100.0,100.5,103.9,105.25,104.75
2023/10/24,99.8,99.8,97.3,98.3,102.26,104.53,104.42
2023/10/25,98.3,99.5,98.3,99.0,100.96,103.83,104.11
2023/10/26,98.3,98.7,98.0,98.5,99.96,102.98,103.76
2023/10/27,98.5,98.9,98.2,98.2,98.9,102.05,103.48
2023/10/30,98.3,98.5,94.0,94.5,97.7,100.8,103.0
2023/10/31,95.1,96.9,95.1,96.5,97.34,99.8,102.62
2023/11/01,96.4,96.5,95.6,95.6,96.66,98.81,102.18
2023/11/02,96.2,97.4,96.0,97.0,96.36,98.16,101.83
2023/11/03,95.8,96.2,95.2,95.8,95.88,97.39,101.47
2023/11/06,96.2,97.7,96.2,96.4,96.26,96.98,101.12
2023/11/07,96.4,96.8,95.5,96.1,96.18,96.76,100.64
2023/11/08,95.7,97.4,95.7,97.0,96.46,96.56,100.2
2023/11/09,97.4,98.4,97.3,97.9,96.64,96.5,99.74
2023/11/10,97.9,98.0,97.0,97.2,96.92,96.4,99.22
2023/11/13,97.8,98.4,97.5,97.7,97.18,96.72,98.76
2023/11/14,98.4,101.0,98.2,100.0,97.96,97.07,98.43
2023/11/15,100.5,101.5,99.8,100.5,98.66,97.56,98.18
2023/11/16,101.0,101.5,100.5,101.0,99.28,97.96,98.06
2023/11/17,101.5,103.5,101.0,102.5,100.34,98.63,98.01
2023/11/20,102.5,102.5,101.0,101.0,101.0,99.09,98.04
2023/11/21,102.0,102.5,101.0,102.5,101.5,99.73,98.24
2023/11/22,103.0,104.0,102.0,102.0,101.8,100.23,98.4
2023/11/23,102.5,103.0,101.0,101.5,101.9,100.59,98.54
2023/11/24,102.0,102.5,101.0,101.5,101.7,101.02,98.71
2023/11/27,102.5,103.0,101.5,101.5,101.8,101.4,99.06
2023/11/28,102.0,103.0,102.0,102.5,101.8,101.65,99.36
2023/11/29,102.5,103.0,101.5,102.0,101.8,101.8,99.68
2023/11/30,102.0,102.5,101.0,101.5,101.8,101.85,99.9
2023/12/01,101.0,101.5,100.5,100.5,101.6,101.65,100.14
2023/12/04,101.0,101.5,100.5,101.0,101.5,101.65,100.37
2023/12/05,101.0,102.0,100.5,101.0,101.2,101.5,100.62
2023/12/06,101.5,102.0,101.0,101.0,101.0,101.4,100.82
2023/12/07,101.0,101.5,100.5,101.0,100.9,101.35,100.97
2023/12/08,101.0,102.0,101.0,101.5,101.1,101.35,101.18
2023/12/11,101.5,102.0,100.5,101.0,101.1,101.3,101.35
2023/12/12,101.0,101.5,100.5,101.0,101.1,101.15,101.4
2023/12/13,100.5,101.5,100.5,101.0,101.1,101.05,101.42
2023/12/14,101.5,102.0,101.0,102.0,101.3,101.1,101.48
2023/12/15,101.5,102.0,101.0,101.5,101.3,101.2,101.42
2023/12/18,101.5,102.0,101.0,102.0,101.5,101.3,101.48
2023/12/19,102.0,102.5,101.5,102.5,101.8,101.45,101.48
2023/12/20,102.5,104.5,102.5,104.5,102.5,101.8,101.6
2023/12/21,103.0,103.5,102.5,103.5,102.8,102.05,101.7
2023/12/22,103.5,104.0,103.0,103.5,103.2,102.25,101.8
2023/12/25,103.5,104.0,103.0,103.5,103.5,102.5,101.9
2023/12/26,104.0,104.0,103.5,104.0,103.8,102.8,101.98
2023/12/27,104.0,104.0,103.0,103.5,103.6,103.05,102.05
2023/12/28,103.5,104.0,103.0,104.0,103.7,103.25,102.18
2023/12/29,104.0,105.0,103.5,104.5,103.9,103.55,102.38
2024/01/02,104.5,105.0,104.0,105.0,104.2,103.85,102.58
2024/01/03,104.5,105.0,104.0,104.5,104.3,104.05,102.75
2024/01/04,104.5,105.0,104.0,104.0,104.4,104.0,102.9
2024/01/05,104.0,104.5,104.0,104.0,104.4,104.05,103.05
2024/01/08,103.5,104.0,101.5,101.5,103.8,103.85,103.05
2024/01/09,102.0,102.5,101.0,101.0,103.0,103.6,103.05
2024/01/10,101.0,101.5,100.0,100.0,102.1,103.2,103.0
2024/01/11,100.0,102.0,99.7,100.5,101.4,102.9,102.98
2024/01/12,100.0,101.5,100.0,100.5,100.7,102.55,102.9
2024/01/15,101.0,101.5,100.0,100.0,100.4,102.1,102.82
2024/01/16,99.8,100.5,99.3,100.0,100.2,101.6,102.72
2024/01/17,99.8,100.0,98.5,98.6,99.92,101.01,102.53
2024/01/18,99.0,100.0,98.9,99.9,99.8,100.6,102.3
2024/01/19,100.0,101.0,100.0,100.5,99.8,100.25,102.15
2024/01/22,100.5,101.0,99.9,99.9,99.78,100.09,101.97
2024/01/23,100.0,101.5,99.9,101.0,99.98,100.09,101.84
2024/01/24,101.0,101.5,100.5,100.5,100.36,100.14,101.67
2024/01/25,101.0,102.0,100.5,102.0,100.78,100.29,101.6
2024/01/26,102.0,103.5,102.0,102.5,101.18,100.49,101.52
2024/01/29,102.5,103.0,102.0,102.5,101.7,100.74,101.42
2024/01/30,102.5,103.0,102.0,102.0,101.9,100.94,101.27
2024/01/31,102.0,102.5,101.5,102.5,102.3,101.33,101.17
2024/02/01,102.5,103.0,102.0,103.0,102.5,101.64,101.12
2024/02/02,102.5,103.0,101.5,102.0,102.4,101.79,101.02
2024/02/05,101.5,102.0,101.0,101.5,102.2,101.95,101.02
2024/02/15,101.5,102.0,101.0,101.0,102.0,101.95,101.02
2024/02/16,101.0,101.5,100.5,101.5,101.8,102.05,101.1
2024/02/19,101.5,103.0,101.0,103.0,101.8,102.15,101.22
2024/02/20,103.5,104.5,103.0,103.5,102.1,102.25,101.37
2024/02/21,103.5,104.0,103.0,103.0,102.4,102.3,101.52
2024/02/22,103.5,104.0,103.0,103.5,102.9,102.45,101.7
2024/02/23,103.5,104.0,103.0,103.0,103.2,102.5,101.92
2024/02/26,103.0,104.0,103.0,103.5,103.3,102.55,102.1
2024/02/27,104.0,104.5,103.0,103.5,103.3,102.7,102.24
2024/02/29,103.0,103.5,103.0,103.0,103.3,102.85,102.4
2024/03/01,103.0,103.5,102.0,102.0,103.0,102.95,102.45
2024/03/04,102.5,107.0,102.5,106.5,103.7,103.45,102.75
2024/03/05,107.0,108.5,106.5,106.5,104.3,103.8,102.98
2024/03/06,106.0,107.5,105.5,106.5,104.9,104.1,103.18
2024/03/07,108.0,108.5,107.0,107.5,105.8,104.55,103.42
2024/03/08,107.5,108.5,104.5,105.0,106.4,104.7,103.58
2024/03/11,105.0,111.5,105.0,109.5,107.0,105.35,103.92
2024/03/12,111.5,119.0,111.5,119.0,109.5,106.9,104.72
2024/03/13,121.5,123.5,118.0,120.5,112.3,108.6,105.65
2024/03/14,121.0,121.5,117.0,121.0,115.0,110.4,106.62
2024/03/15,128.0,133.0,127.0,132.0,120.4,113.4,108.18
2024/03/18,133.0,137.0,131.5,136.0,125.7,116.35,109.9
2024/03/19,133.0,136.0,130.0,136.0,129.1,119.3,111.55
2024/03/20,136.5,142.0,135.5,138.0,132.6,122.45,113.28
2024/03/21,141.0,145.0,139.0,142.5,136.9,125.95,115.25
2024/03/22,144.0,148.5,142.0,145.5,139.6,130.0,117.35
2024/03/25,147.0,147.5,143.0,145.5,141.5,133.6,119.48
2024/03/26,146.0,147.0,139.0,142.0,142.7,135.9,121.4
2024/03/27,143.0,150.0,143.0,148.5,144.8,138.7,123.65
2024/03/28,150.5,157.0,150.0,155.5,147.4,142.15,126.28
2024/03/29,157.0,157.5,150.0,150.0,148.3,143.95,128.68
2024/04/01,151.0,154.5,150.0,150.5,149.3,145.4,130.88
2024/04/02,152.0,159.5,151.0,159.0,152.7,147.7,133.5
2024/04/03,156.0,159.0,155.0,159.0,154.8,149.8,136.12
2024/04/08,159.0,160.0,156.5,158.0,155.3,151.35,138.65
2024/04/09,158.5,161.5,155.5,158.0,156.9,152.6,141.3
2024/04/10,159.0,160.0,154.0,154.5,157.7,153.5,143.55
2024/04/11,153.0,153.5,147.0,150.0,155.9,154.3,145.1
2024/04/12,151.0,153.5,148.5,150.5,154.2,154.5,146.6
2024/04/15,148.5,150.0,144.5,146.0,151.8,153.55,147.85
2024/04/16,142.5,143.0,137.5,141.0,148.4,152.65,148.3
2024/04/17,143.0,147.5,141.0,146.5,146.8,152.25,148.82
2024/04/18,144.5,148.5,144.5,148.0,146.4,151.15,149.43
2024/04/19,146.0,147.5,140.0,143.0,144.9,149.55,149.68
2024/04/22,141.5,145.5,141.5,143.0,144.3,148.05,149.7
2024/04/23,145.5,146.5,143.5,144.0,144.9,146.65,149.62
2024/04/24,147.5,157.0,146.5,156.0,146.8,146.8,150.15
2024/04/25,153.0,154.5,151.0,151.5,147.5,146.95,150.62
2024/04/26,156.5,158.0,154.0,155.0,149.9,147.4,150.95
2024/04/29,157.0,161.0,156.0,158.5,153.0,148.65,151.1
2024/04/30,159.5,161.0,156.0,156.0,155.4,150.15,151.4
2024/05/02,153.5,155.0,152.0,154.0,155.0,150.9,151.57
2024/05/03,157.5,159.0,156.0,156.0,155.9,151.7,151.43
2024/05/06,161.5,168.5,161.0,167.5,158.4,154.15,151.85
2024/05/07,169.5,171.0,166.5,169.5,160.6,156.8,152.43
2024/05/08,168.5,171.5,168.0,169.5,163.3,159.35,153.0
2024/05/09,169.5,175.0,169.5,170.5,166.6,160.8,153.8
2024/05/10,171.5,172.0,167.0,169.5,169.3,162.6,154.78
2024/05/13,171.0,173.0,169.0,169.5,169.7,164.05,155.72
2024/05/14,170.0,175.0,168.0,172.0,170.2,165.4,157.02
2024/05/15,168.0,174.0,165.5,170.5,170.4,166.85,158.5
2024/05/16,175.0,179.0,170.5,171.5,170.6,168.6,159.75
2024/05/17,173.0,173.0,167.0,170.0,170.7,170.0,160.85
2024/05/20,170.0,170.5,166.0,167.5,170.3,170.0,162.07
2024/05/21,166.0,168.5,165.5,166.0,169.1,169.65,163.22
2024/05/22,166.0,170.5,166.0,169.0,168.8,169.6,164.48
2024/05/23,173.5,174.0,169.5,173.0,169.1,169.85,165.32
2024/05/24,172.0,176.0,171.0,176.0,170.3,170.5,166.55
2024/05/27,179.0,185.0,178.5,185.0,173.8,172.05,168.05
2024/05/28,185.5,186.0,183.5,185.5,177.7,173.4,169.4
2024/05/29,185.5,186.0,180.5,180.5,180.0,174.4,170.62
2024/05/30,177.0,179.5,176.0,176.5,180.7,174.9,171.75
2024/05/31,177.0,179.0,172.0,172.0,179.9,175.1,172.55
2024/06/03,177.0,179.5,174.5,176.5,178.2,176.0,173.0
2024/06/04,175.0,176.5,170.0,171.0,175.3,176.5,173.08
2024/06/05,171.0,178.0,168.5,175.5,174.3,177.15,173.38
2024/06/06,181.5,183.0,177.5,177.5,174.5,177.6,173.72
2024/06/07,177.5,180.0,176.5,177.5,175.6,177.75,174.12
2024/06/11,179.0,181.5,177.5,180.5,176.4,177.3,174.68
2024/06/12,184.0,188.0,182.5,187.5,179.7,177.5,175.45
2024/06/13,191.0,195.0,188.0,192.0,183.0,178.65,176.52
2024/06/14,192.5,198.5,191.0,198.0,187.1,180.8,177.85
2024/06/17,197.5,200.0,195.0,200.0,191.6,183.6,179.35
2024/06/18,200.5,201.0,197.0,198.5,195.2,185.8,180.9
2024/06/19,200.0,208.0,199.5,203.0,198.3,189.0,182.75
2024/06/20,205.0,217.5,203.5,217.5,203.4,193.2,185.18
2024/06/21,211.0,217.5,211.0,212.0,206.2,196.65,187.12
2024/06/24,209.5,210.0,205.0,206.0,207.4,199.5,188.62
2024/06/25,203.0,212.0,201.0,211.0,209.9,202.55,189.92
2024/06/26,211.5,215.5,210.0,210.0,211.3,204.8,191.15
2024/06/27,208.0,214.5,207.5,212.5,210.3,206.85,192.75
2024/06/28,214.0,216.0,212.5,214.0,210.7,208.45,194.62
2024/07/01,215.0,217.0,214.5,216.0,212.7,210.05,196.82
2024/07/02,212.0,213.0,203.0,204.5,211.4,210.65,198.22
2024/07/03,205.0,208.0,203.0,203.0,210.0,210.65,199.82
2024/07/04,208.0,215.0,207.5,214.5,210.4,210.35,201.78
2024/07/05,214.0,215.5,212.5,214.5,210.5,210.6,203.62
2024/07/08,217.0,226.5,216.5,226.5,212.6,212.65,206.08
2024/07/09,226.5,234.5,220.5,225.5,216.8,214.1,208.32
2024/07/10,225.5,226.0,220.5,223.5,220.9,215.45,210.12
2024/07/11,226.5,229.0,224.0,225.5,223.1,216.75,211.8
2024/07/12,219.0,221.0,214.0,216.0,223.4,216.95,212.7
2024/07/15,216.5,219.0,214.5,216.5,221.4,217.0,213.52
2024/07/16,216.5,217.5,212.5,213.0,218.9,217.85,214.25
2024/07/17,213.0,217.5,211.5,212.0,216.6,218.75,214.7
2024/07/18,206.0,209.0,203.0,204.0,212.3,217.7,214.02
2024/07/19,200.5,204.0,200.0,204.0,209.9,216.65,213.62
2024/07/22,203.0,204.0,191.0,192.5,205.1,213.25,212.95
2024/07/23,198.5,201.5,197.0,201.5,202.8,210.85,212.48
2024/07/26,190.0,194.0,188.5,192.0,198.8,207.7,211.58
2024/07/29,196.0,197.0,192.0,193.0,196.6,204.45,210.6
2024/07/30,190.5,197.0,189.0,196.0,195.0,202.45,209.7
2024/07/31,194.5,202.0,194.0,198.0,196.1,200.6,208.8
2024/08/01,205.0,205.5,200.5,202.5,196.3,199.55,208.7
2024/08/02,192.5,194.5,185.5,186.5,195.2,197.0,207.88
2024/08/05,169.5,172.5,168.0,168.0,190.2,193.4,205.55
2024/08/06,173.5,175.0,160.0,167.5,184.5,189.75,203.2
2024/08/07,169.0,175.0,168.0,170.5,179.0,187.55,200.4
2024/08/08,163.5,166.5,161.0,163.5,171.2,183.75,197.3
2024/08/09,170.0,172.0,168.0,168.5,167.6,181.4,194.55
2024/08/12,172.0,179.0,171.5,176.0,169.2,179.7,192.08
2024/08/13,180.0,183.0,178.0,181.0,171.9,178.2,190.32
2024/08/14,186.0,187.0,183.5,185.5,174.9,176.95,188.78
2024/08/15,185.5,186.0,181.0,181.0,178.4,174.8,187.18
2024/08/16,186.0,187.0,183.0,184.0,181.5,174.55,185.78
2024/08/19,185.0,188.0,184.5,187.0,183.7,176.45,184.92
2024/08/20,189.5,191.0,186.0,186.5,184.8,178.35,184.05
2024/08/21,185.0,186.0,181.5,183.5,184.4,179.65,183.6
2024/08/22,184.0,185.0,179.0,179.5,184.1,181.25,182.5
2024/08/23,176.0,181.0,175.0,180.0,183.3,182.4,181.9
2024/08/26,182.0,185.0,180.5,182.0,182.3,183.0,181.35
2024/08/27,181.5,182.0,179.0,180.5,181.1,182.95,180.58
2024/08/28,181.0,186.0,179.5,185.5,181.5,182.95,179.95
2024/08/29,180.5,185.5,180.0,184.5,182.5,183.3,179.05
2024/08/30,185.0,186.0,183.5,184.5,183.4,183.35,178.95
2024/09/02,185.5,187.0,182.0,183.0,183.6,182.95,179.7
2024/09/03,184.0,187.0,183.0,185.0,184.5,182.8,180.58
2024/09/04,175.0,181.0,172.0,179.5,183.3,182.4,181.02
2024/09/05,180.0,181.0,175.0,175.0,181.4,181.95,181.6
2024/09/06,175.5,178.0,175.0,176.5,179.8,181.6,182.0
2024/09/09,172.0,174.0,170.5,172.0,177.6,180.6,181.8
2024/09/10,173.5,174.0,167.5,169.0,174.4,179.45,181.2
2024/09/11,170.0,172.0,169.5,169.5,172.4,177.85,180.4
2024/09/12,174.5,177.5,174.0,177.5,172.9,177.15,180.22
2024/09/13,179.0,179.5,175.0,176.0,172.8,176.3,179.82
2024/09/16,177.0,182.0,175.0,181.0,174.6,176.1,179.52
2024/09/18,179.0,179.5,173.5,174.0,175.6,175.0,178.9
2024/09/19,174.5,176.5,173.0,176.5,177.0,174.7,178.55
2024/09/20,180.0,182.0,177.0,177.0,176.9,174.9,178.42
2024/09/23,178.0,180.5,177.5,180.0,177.7,175.25,178.42
2024/09/24,179.0,184.0,178.0,183.0,178.1,176.35,178.48
2024/09/25,186.5,191.0,186.0,188.5,181.0,178.3,178.88
2024/09/26,192.0,193.0,188.5,189.5,183.6,180.3,179.08
2024/09/27,192.0,194.0,190.0,191.0,186.4,181.65,179.4
2024/09/30,190.0,191.0,187.5,187.5,187.9,182.8,179.55
2024/10/01,189.0,190.0,185.5,187.0,188.7,183.4,179.75
2024/10/04,188.0,196.5,188.0,194.0,189.8,185.4,180.2
2024/10/07,199.0,199.0,195.0,197.5,191.4,187.5,181.1
2024/10/08,197.0,197.5,194.0,194.0,192.0,189.2,182.05
2024/10/09,198.0,200.0,197.0,199.0,194.3,191.1,183.18
2024/10/11,200.0,202.0,199.0,200.0,196.9,192.8,184.58
2024/10/14,200.0,200.0,196.5,199.0,197.9,193.85,186.08
2024/10/15,201.0,207.5,200.5,207.0,199.8,195.6,187.95
2024/10/16,204.0,207.5,203.5,205.0,202.0,197.0,189.32
2024/10/17,207.5,209.0,204.0,208.5,203.9,199.1,190.95
2024/10/18,210.0,211.0,207.0,207.5,205.4,201.15,192.28
2024/10/21,210.0,213.5,209.0,210.0,207.6,202.75,194.08
2024/10/22,211.0,216.0,209.0,215.5,209.3,204.55,196.02
2024/10/23,214.5,217.0,213.0,216.0,211.5,206.75,197.98
2024/10/24,215.0,215.5,210.0,211.5,212.1,208.0,199.55
2024/10/25,212.5,216.0,212.0,216.0,213.8,209.6,201.2
2024/10/28,218.5,221.5,214.0,215.0,214.8,211.2,202.52
2024/10/29,213.0,213.0,207.0,209.5,213.6,211.45,203.52
2024/10/30,209.5,215.5,209.0,211.5,212.7,212.1,204.55
2024/11/01,202.0,208.5,201.5,208.0,212.0,212.05,205.58
2024/11/04,209.0,214.0,208.0,214.0,211.6,212.7,206.92
2024/11/05,212.0,215.5,211.0,214.0,211.4,213.1,207.92
2024/11/06,215.0,217.0,212.5,213.5,212.2,212.9,208.72
2024/11/07,212.0,219.0,212.0,217.0,213.3,213.0,209.88
2024/11/08,219.5,220.0,217.5,218.0,215.3,213.65,210.82
2024/11/11,219.5,220.0,217.5,220.0,216.5,214.05,211.82
2024/11/12,217.5,218.5,214.0,214.0,216.5,213.95,212.58
2024/11/13,212.5,216.5,212.5,214.5,216.7,214.45,212.95
2024/11/14,215.0,215.5,209.0,211.5,215.6,214.45,213.28
2024/11/15,212.0,214.5,206.0,207.0,213.4,214.35,213.2
2024/11/18,205.0,208.0,202.0,202.5,209.9,213.2,212.95
2024/11/19,203.5,205.0,201.0,203.5,207.8,212.15,212.62
2024/11/20,206.5,208.5,205.0,206.0,206.1,211.4,212.15
2024/11/21,205.0,205.0,202.0,202.5,204.3,209.95,211.48
2024/11/22,205.5,207.0,203.0,203.0,203.5,208.45,211.05
2024/11/25,206.0,210.5,205.5,210.5,205.1,207.5,210.78
2024/11/26,207.0,207.0,202.0,202.5,204.9,206.35,210.15
2024/11/27,200.5,201.0,196.5,196.5,203.0,204.55,209.5
2024/11/28,196.0,199.0,193.0,195.5,201.6,202.95,208.7
2024/11/29,193.5,199.0,192.5,195.5,200.1,201.8,208.08
2024/12/02,198.5,199.5,195.5,196.0,197.2,201.15,207.18
2024/12/03,198.5,200.0,196.5,196.5,196.0,200.45,206.3
2024/12/04,197.5,201.5,197.0,201.0,196.9,199.95,205.68
2024/12/05,203.0,203.5,199.0,199.0,197.6,199.6,204.78
2024/12/06,199.5,201.5,197.5,198.0,198.1,199.1,203.78
2024/12/09,198.5,199.0,195.0,195.0,197.9,197.55,202.52
2024/12/10,193.0,195.0,192.0,192.0,197.0,196.5,201.42
2024/12/11,190.0,194.0,189.0,189.0,194.6,195.75,200.15
2024/12/12,190.5,193.0,188.5,188.5,192.5,195.05,199.0
2024/12/13,188.5,189.5,185.5,186.5,190.2,194.15,197.98
2024/12/16,188.0,189.5,181.5,182.0,187.6,192.75,196.95
2024/12/17,181.0,186.0,181.0,183.0,185.8,191.4,195.92
2024/12/18,183.0,185.5,182.5,184.5,184.9,189.75,194.85
2024/12/19,181.0,182.0,179.0,181.0,183.4,187.95,193.78
2024/12/20,181.0,184.0,180.0,181.0,182.3,186.25,192.68
2024/12/23,185.0,187.5,184.0,185.5,183.0,185.3,191.42
2024/12/24,187.5,187.5,185.5,185.5,183.5,184.65,190.58
2024/12/25,186.5,188.0,186.0,186.5,183.9,184.4,190.08
2024/12/26,187.5,189.0,187.0,187.5,185.2,184.3,189.68
2024/12/27,187.5,188.0,185.5,186.5,186.3,184.3,189.22
2024/12/30,185.5,187.0,184.5,185.0,186.2,184.6,188.68
2024/12/31,184.5,185.0,183.0,184.0,185.9,184.7,188.05
2025/01/02,184.0,186.0,181.5,182.5,185.1,184.5,187.12
2025/01/03,183.0,184.0,180.5,181.0,183.8,184.5,186.22
2025/01/06,185.0,187.5,183.5,184.5,183.4,184.85,185.55
2025/01/07,187.0,192.0,186.5,190.0,184.4,185.3,185.3
2025/01/08,190.0,190.0,187.0,188.0,185.2,185.55,185.1
2025/01/09,188.0,188.0,183.0,183.0,185.3,185.2,184.8
2025/01/10,182.5,184.0,181.0,181.5,185.4,184.6,184.45
2025/01/13,180.0,180.5,171.5,171.5,182.8,183.1,183.7
2025/01/14,171.5,174.5,171.0,174.5,179.7,182.05,183.32
2025/01/15,174.5,175.5,171.0,171.0,176.3,180.75,182.72
2025/01/16,175.0,176.0,173.0,173.5,174.4,179.85,182.18
2025/01/17,173.0,175.5,172.0,173.5,172.8,179.1,181.8
2025/01/20,174.5,178.0,174.5,178.0,174.1,178.45,181.65
2025/01/21,178.5,180.0,177.0,178.5,174.9,177.3,181.3
2025/01/22,180.5,181.0,178.5,180.0,176.7,176.5,181.02
2025/02/03,164.0,168.0,163.5,165.5,175.1,174.75,179.98
2025/02/04,167.0,169.0,165.0,165.0,173.4,173.1,178.85
2025/02/05,167.0,171.5,167.0,171.0,172.0,173.05,178.08
2025/02/06,172.5,174.0,171.0,173.0,170.9,172.9,177.48
2025/02/07,175.0,178.0,174.0,178.0,170.5,173.6,177.18
2025/02/10,176.0,176.5,174.0,174.0,172.2,173.65,176.75
2025/02/11,178.0,182.0,176.0,179.0,175.0,174.2,176.65
2025/02/12,181.5,181.5,177.0,177.0,176.2,174.1,176.28
2025/02/13,177.0,181.0,177.0,180.0,177.6,174.25,175.78
2025/02/14,180.0,180.5,177.5,178.0,177.6,174.05,175.28
2025/02/17,179.5,182.5,179.0,182.5,179.3,175.75,175.25
2025/02/18,183.0,184.0,181.0,183.5,180.2,177.6,175.35
2025/02/19,183.5,184.5,182.0,183.0,181.4,178.8,175.92
2025/02/20,183.0,183.5,181.5,182.0,181.8,179.7,176.3
2025/02/21,181.5,184.0,181.0,183.0,182.8,180.2,176.9
2025/02/24,181.0,184.0,180.5,184.0,183.1,181.2,177.42
2025/02/25,181.5,182.0,177.5,177.5,181.9,181.05,177.62
2025/02/26,175.0,181.0,174.5,180.5,181.4,181.4,177.75
2025/02/27,180.0,181.5,174.0,174.0,179.8,180.8,177.52
2025/03/03,172.0,175.0,170.0,170.0,177.2,180.0,177.02
2025/03/04,165.5,172.0,165.0,170.5,174.5,178.8,177.28
2025/03/05,171.5,175.0,171.5,173.5,173.7,177.8,177.7
2025/03/06,175.5,176.0,173.5,173.5,172.3,176.85,177.82
2025/03/07,171.0,174.5,171.0,172.0,171.9,175.85,177.78
2025/03/10,173.5,174.0,170.0,172.0,172.3,174.75,177.48
2025/03/11,166.0,169.5,165.0,168.5,171.9,173.2,177.2
2025/03/12,169.0,171.5,169.0,170.5,171.3,172.5,176.78
2025/03/13,172.5,174.0,168.0,168.0,170.2,171.25,176.32
2025/03/14,168.5,170.5,168.0,170.0,169.8,170.85,175.82
2025/03/17,172.0,172.5,168.0,168.0,169.0,170.65,175.32
2025/03/18,169.0,169.5,167.0,167.5,168.8,170.35,174.58
2025/03/19,167.0,167.5,163.5,164.0,167.5,169.4,173.6
2025/03/20,165.0,167.0,164.5,166.0,167.1,168.65,172.75
2025/03/21,167.0,167.0,165.0,165.0,166.1,167.95,171.9
2025/03/24,166.5,167.0,163.0,163.0,165.1,167.05,170.9
2025/03/25,165.5,166.5,164.0,165.0,164.6,166.7,169.95
2025/03/26,166.0,167.0,165.0,166.0,165.0,166.25,169.38
2025/03/27,163.5,164.0,160.0,160.5,163.9,165.5,168.38
2025/03/28,158.0,158.5,153.0,154.0,161.7,163.9,167.38
2025/03/31,145.0,149.5,145.0,146.0,158.3,161.7,166.18
2025/04/01,148.5,153.0,148.0,152.0,155.7,160.15,165.25
2025/04/02,153.0,154.5,152.0,153.5,153.2,159.1,164.25
2025/04/07,138.5,138.5,138.5,138.5,148.8,156.35,162.5
2025/04/08,127.0,130.5,125.0,125.0,143.0,152.35,160.15
2025/04/09,119.0,122.5,112.5,112.5,136.3,147.3,157.18
2025/04/10,123.5,123.5,123.5,123.5,130.6,143.15,154.93
2025/04/11,118.5,135.0,117.0,134.5,126.8,140.0,153.12
2025/04/14,141.5,145.0,136.0,138.5,126.8,137.8,151.65
2025/04/15,139.0,140.0,136.0,139.5,129.7,136.35,150.12
2025/04/16,138.0,139.5,136.0,136.0,134.4,135.35,148.52
2025/04/17,134.5,135.5,132.0,134.5,136.6,133.6,146.88
2025/04/18,135.0,136.5,133.5,135.5,136.8,131.8,145.45
2025/04/21,135.0,137.0,134.5,136.5,136.4,131.6,143.98
2025/04/22,134.5,136.0,131.5,132.0,134.9,132.3,142.32
2025/04/23,136.0,139.5,136.0,139.0,135.5,134.95,141.12
2025/04/24,139.0,139.0,135.5,136.5,135.9,136.25,139.7
2025/04/25,140.5,141.0,138.5,139.0,136.6,136.7,138.35
2025/04/28,140.0,143.5,140.0,142.5,137.8,137.1,137.45
2025/04/29,141.5,143.5,141.0,143.0,140.0,137.45,136.9
2025/04/30,143.0,144.0,141.5,141.5,140.5,138.0,136.68
2025/05/02,144.5,148.0,144.0,147.5,142.7,139.3,136.45
2025/05/05,149.0,149.0,142.0,142.5,143.4,140.0,135.9
2025/05/06,142.5,146.5,142.0,146.0,144.1,140.95,136.28
2025/05/07,146.5,148.0,143.5,145.0,144.5,142.25,137.28
2025/05/08,145.5,146.5,144.5,146.0,145.4,142.95,138.95
2025/05/09,146.5,147.5,145.5,147.0,145.3,144.0,140.12
2025/05/12,149.0,153.0,148.5,153.0,147.4,145.4,141.05
2025/05/13,159.5,161.5,157.0,158.0,149.8,146.95,142.02
2025/05/14,161.5,163.0,159.5,163.0,153.4,148.95,143.2
2025/05/15,163.0,163.0,158.5,159.5,156.1,150.75,144.38
2025/05/16,158.5,159.5,157.0,158.0,158.3,151.8,145.55
2025/05/19,157.0,158.0,154.0,154.0,158.5,152.95,146.48
2025/05/20,157.0,158.5,153.5,154.0,157.7,153.75,147.35
2025/05/21,155.0,156.5,154.5,155.0,156.1,154.75,148.5
2025/05/22,153.5,154.0,151.5,153.0,154.8,155.45,149.2
2025/05/23,156.0,156.0,153.0,154.0,154.0,156.15,150.07
2025/05/26,152.5,155.0,151.0,153.0,153.8,156.15,150.78
2025/05/27,153.5,155.0,152.0,152.0,153.4,155.55,151.25
2025/05/28,154.0,154.0,151.5,152.0,152.8,154.45,151.7
2025/05/29,154.5,158.0,154.0,156.0,153.4,154.1,152.43
2025/06/02,154.0,154.5,151.0,152.5,153.1,153.55,152.68
2025/06/03,153.5,155.0,151.5,151.5,152.8,153.3,153.12
2025/06/04,153.5,156.0,153.0,156.0,153.6,153.5,153.62
2025/06/05,156.5,157.0,155.5,155.5,154.3,153.55,154.15
2025/06/06,155.5,155.5,153.0,153.0,153.7,153.55,154.5
2025/06/09,155.0,155.5,154.0,154.5,154.1,153.6,154.88
2025/06/10,155.5,156.0,155.0,155.5,154.9,153.85,155.0
2025/06/11,156.5,157.5,155.5,156.0,154.9,154.25,154.9
2025/06/12,155.5,158.0,154.0,157.5,155.3,154.8,154.62
2025/06/13,157.0,158.5,156.0,156.5,156.0,154.85,154.48
2025/06/16,156.0,157.0,154.5,155.0,156.1,155.1,154.32
2025/06/17,156.5,157.0,154.5,155.0,156.0,155.45,154.38
2025/06/18,155.0,156.5,154.0,156.0,156.0,155.45,154.48
2025/06/19,155.5,156.0,154.0,154.0,155.3,155.3,154.43
2025/06/20,154.5,155.5,153.0,155.5,155.1,155.55,154.55
2025/06/23,153.0,156.0,152.0,156.0,155.3,155.7,154.65
2025/06/24,158.0,162.0,157.5,160.5,156.4,156.2,155.02
2025/06/25,161.5,162.0,160.0,162.0,157.6,156.8,155.52
2025/06/26,162.0,164.0,161.5,163.0,159.4,157.35,156.07
2025/06/27,163.0,165.5,162.5,165.0,161.3,158.2,156.52
2025/06/30,166.0,166.5,161.0,161.0,162.3,158.8,156.95
2025/08/01,175.0,181.5,175.0,181.5,166.5,161.45,158.45
2025/08/04,179.5,181.0,178.5,180.0,170.1,163.85,159.65
2025/08/05,182.0,185.0,182.0,184.5,174.4,166.9,161.1
2025/08/06,185.5,188.5,184.0,186.0,178.6,169.95,162.75
2025/08/07,190.0,195.0,190.0,194.5,185.3,173.8,164.75
2025/08/08,197.0,197.0,193.5,194.5,187.9,177.2,166.7
2025/08/11,194.0,198.0,192.5,198.0,191.5,180.8,168.8
2025/08/12,198.5,199.0,195.5,197.0,194.0,184.2,170.78
2025/08/13,198.0,199.0,193.5,198.5,196.5,187.55,172.88
2025/08/14,197.5,200.0,197.0,199.5,197.5,191.4,175.1
2025/08/15,205.0,208.0,202.0,207.0,200.0,193.95,177.7
2025/08/18,207.5,210.0,206.0,210.0,202.4,196.95,180.4
2025/08/19,210.0,212.0,208.0,208.0,204.6,199.3,183.1
2025/08/20,206.0,206.5,200.0,200.5,205.0,200.75,185.35
2025/08/21,201.0,206.0,201.0,206.0,206.3,201.9,187.85
2025/08/22,208.0,208.0,202.0,202.5,205.4,202.7,189.95
2025/08/25,207.0,208.0,206.0,207.5,204.9,203.65,192.22
2025/08/26,207.0,209.0,206.0,209.0,205.1,204.85,194.52
2025/08/27,210.0,210.0,207.5,208.0,206.6,205.8,196.68
2025/08/28,207.5,207.5,204.0,206.0,206.6,206.45,198.92
2025/08/29,206.0,207.0,202.5,203.5,206.8,206.1,200.02
2025/09/01,203.0,204.5,197.0,198.5,205.0,204.95,200.95
2025/09/02,200.0,203.5,198.0,198.5,202.9,204.0,201.65
2025/09/03,198.5,201.0,197.0,200.5,201.4,204.0,202.38
2025/09/04,203.0,205.0,202.0,203.0,200.8,203.7,202.8
2025/09/05,205.5,206.5,203.0,205.0,201.1,203.95,203.32
2025/09/08,206.0,207.5,202.0,203.5,202.1,203.55,203.6
2025/09/09,204.5,208.0,204.0,207.5,203.9,203.4,204.12
2025/09/10,211.0,211.0,209.0,210.0,205.8,203.6,204.7
2025/09/11,212.0,216.5,209.0,214.5,208.1,204.45,205.45
2025/09/12,217.0,218.5,216.5,217.5,210.6,205.85,205.98
2025/09/15,218.5,218.5,213.0,216.0,213.1,207.6,206.28
2025/09/16,217.0,217.0,213.5,215.5,214.7,209.3,206.65
2025/09/17,214.0,214.5,211.0,212.0,215.1,210.45,207.22
2025/09/18,211.5,216.0,208.0,215.0,215.2,211.65,207.68
2025/09/19,216.5,217.0,214.0,214.0,214.5,212.55,208.25
2025/09/22,215.5,218.0,214.0,216.0,214.5,213.8,208.68
2025/09/23,218.0,222.0,217.5,221.0,215.6,215.15,209.28
2025/09/24,222.0,223.0,219.0,223.0,217.8,216.45,210.02
2025/09/25,223.0,231.0,222.5,230.0,220.8,218.0,211.22
2025/09/26,230.0,230.5,218.5,219.5,221.9,218.2,212.02
2025/09/30,224.0,224.0,215.5,216.0,221.9,218.2,212.9
2025/10/01,219.0,222.0,216.0,219.0,221.5,218.55,213.92
2025/10/02,221.5,226.0,221.0,225.5,222.0,219.9,215.18
2025/10/03,226.0,228.0,224.5,226.5,221.3,221.05,216.35
2025/10/07,230.0,231.5,225.0,228.5,223.1,222.5,217.52
2025/10/08,225.0,225.5,222.0,225.0,224.9,223.4,218.6
2025/10/09,227.0,227.0,221.0,221.5,225.4,223.45,219.3
2025/10/13,210.0,216.0,210.0,213.0,222.9,222.45,219.45
2025/10/14,216.0,217.5,205.0,206.0,218.8,220.05,219.02
2025/10/15,207.5,208.0,203.0,206.5,214.4,218.75,218.48
2025/10/16,215.0,225.5,211.5,223.0,214.0,219.45,218.82
2025/10/17,224.0,230.0,222.5,226.5,215.0,220.2,219.38
2025/10/20,230.0,239.5,229.0,238.5,220.1,221.5,220.7
2025/10/21,241.5,245.5,238.0,239.0,226.7,222.75,221.9
2025/10/22,238.0,243.0,236.5,242.5,233.9,224.15,223.32
2025/10/23,240.0,240.5,238.0,239.0,237.1,225.55,224.48
2025/10/27,249.0,249.0,243.0,246.5,241.1,228.05,225.75
2025/10/28,248.0,250.0,246.5,250.0,243.4,231.75,227.1
2025/10/29,254.0,263.0,253.0,260.0,247.6,237.15,228.6
2025/10/30,262.5,265.0,256.5,262.0,251.5,242.7,230.72
2025/10/31,261.0,262.0,257.0,257.5,255.2,246.15,232.8
